Div,Date,HomeTeam,AwayTeam,FTHG,FTAG,FTR,HTHG,HTAG,HTR,Referee,HS,AS,HST,AST,HF,AF,HC,AC,HY,AY,HR,AR,B365H,B365D,B365A,BWH,BWD,BWA,GBH,GBD,GBA,IWH,IWD,IWA,LBH,LBD,LBA,SBH,SBD,SBA,WHH,WHD,WHA,SJH,SJD,SJA,VCH,VCD,VCA,BSH,BSD,BSA,Bb1X2,BbMxH,BbAvH,BbMxD,BbAvD,BbMxA,BbAvA,BbOU,BbMx>2.5,BbAv>2.5,BbMx<2.5,BbAv<2.5,BbAH,BbAHh,BbMxAHH,BbAvAHH,BbMxAHA,BbAvAHA
E1,05/08/11,Hull,Blackpool,0,1,A,0,0,D,S Mathieson,12,10,4,3,8,7,4,6,2,1,0,0,2.25,3.4,3.1,2.2,3.2,2.9,2.2,3.2,3.1,2.3,3.1,2.6,2.3,3.4,3,2.25,3.25,2.85,2.3,3.3,3.1,2.3,3.4,3,2.25,3.4,3.3,2.2,3.25,3.2,33,2.32,2.22,3.51,3.31,3.41,3.16,33,2,1.92,1.93,1.86,18,-0.25,1.96,1.92,1.98,1.94
E1,06/08/11,Brighton,Doncaster,2,1,H,0,1,A,E Ilderton,18,9,10,5,11,13,9,4,2,3,0,0,1.83,3.5,4.33,1.85,3.25,3.8,1.85,3.4,4,1.9,3.2,3.4,1.8,3.6,4.33,1.8,3.25,4.2,1.91,3.3,4.2,1.91,3.4,4,1.85,3.6,4.5,1.83,3.4,4.33,32,1.88,1.83,3.75,3.44,4.53,4.16,31,2.01,1.91,1.96,1.85,16,-0.5,1.88,1.83,2.09,2.01
E1,06/08/11,Bristol City,Ipswich,0,3,A,0,1,A,M Haywood,11,8,5,4,2,7,12,3,0,0,0,0,2.38,3.4,2.88,2.4,3.2,2.6,2.3,3.25,2.9,2.4,3.1,2.5,2.38,3.4,2.88,2.35,3.25,2.7,2.5,3,3,2.4,3.4,2.75,2.5,3.4,3,2.4,3.3,2.8,33,2.51,2.4,3.44,3.26,2.98,2.83,29,2.11,2.01,1.89,1.76,15,0,1.83,1.74,2.14,2.09
E1,06/08/11,Burnley,Watford,2,2,D,0,1,A,M Brown,20,13,11,8,11,11,3,2,1,1,0,0,1.91,3.4,4,1.85,3.25,3.8,1.9,3.3,3.8,1.9,3.2,3.4,1.83,3.5,4.33,1.9,3.25,3.75,2.05,3.3,3.6,1.91,3.4,4,1.95,3.6,4.2,1.91,3.4,4,33,1.92,1.87,3.6,3.41,4.35,4,30,1.79,1.73,2.17,2.04,14,-0.5,1.92,1.87,2.03,1.95
E1,06/08/11,Coventry,Leicester,0,1,A,0,0,D,D Deadman,11,7,7,3,12,13,4,4,2,4,1,1,3.75,3.4,2,3.5,3.2,1.95,3.5,3.3,2,3,3.1,2.1,3.4,3.4,2.1,3.4,3.25,2,3.5,3.2,2.15,3.5,3.4,2,3.8,3.4,2.1,3.75,3.3,2,33,3.85,3.58,3.45,3.31,2.12,2.02,31,2.11,1.98,1.86,1.79,16,0.5,1.88,1.83,2.1,2.02
E1,06/08/11,Derby,Birmingham,2,1,H,2,1,H,N Swarbrick,7,20,4,8,13,12,4,6,3,1,0,0,2.63,3.3,2.63,2.45,3.1,2.65,2.6,3.2,2.6,2.5,3.1,2.4,2.5,3.3,2.8,2.5,3.25,2.55,2.8,3,2.8,2.63,3.25,2.63,2.75,3.3,2.75,2.75,3.25,2.5,33,2.75,2.56,3.4,3.2,2.82,2.67,29,2.25,2.1,1.75,1.68,16,0,1.9,1.84,2.06,1.98
E1,06/08/11,Middlesbrough,Portsmouth,2,2,D,1,0,H,G Salisbury,11,9,6,4,13,18,4,4,2,5,0,0,2,3.4,3.75,1.85,3.25,3.8,1.95,3.3,3.6,1.9,3.2,3.4,1.91,3.4,4,1.9,3.25,3.75,2.1,3.2,3.6,1.91,3.4,4,2.05,3.4,4,1.91,3.4,4,34,2.09,1.98,3.5,3.31,4,3.7,32,2.11,1.99,1.83,1.78,16,-0.5,2.1,2.04,1.87,1.81
E1,06/08/11,Nott'm Forest,Barnsley,0,0,D,0,0,D,A Haines,11,7,5,1,12,16,7,3,1,2,0,0,1.67,3.6,5.5,1.57,3.4,5.5,1.6,3.6,5.25,1.6,3.4,4.6,1.67,3.6,5.5,1.6,3.5,5.2,1.7,3.4,5.5,1.62,3.5,6,1.62,3.5,5.5,1.62,3.6,6,34,1.71,1.63,3.94,3.55,6,5.51,31,2.02,1.93,1.93,1.83,15,-0.75,1.87,1.84,2.06,2.02
E1,06/08/11,Peterboro,Crystal Palace,2,1,H,0,1,A,J Linington,18,9,12,5,9,16,9,1,0,4,0,0,2.2,3.4,3.2,2.1,3.2,3.1,2.2,3.25,3.1,2.2,3.1,2.8,2.25,3.4,3,2.15,3.25,3.1,2.3,3.25,3.1,2.2,3.5,3,2.2,3.6,3.3,2.25,3.25,3.2,33,2.25,2.17,3.62,3.32,3.4,3.19,31,1.88,1.82,2.04,1.95,16,-0.25,1.91,1.86,2.07,2
E1,06/08/11,Reading,Millwall,2,2,D,0,0,D,A Bates,9,12,3,5,5,12,4,6,1,4,0,0,1.83,3.5,4.2,1.8,3.25,4,1.85,3.3,4,1.85,3.2,3.5,1.83,3.5,4.33,1.8,3.4,4,1.95,3.2,4.2,1.8,3.5,4.33,1.91,3.6,4.4,1.8,3.5,4.33,34,1.9,1.82,3.67,3.41,4.51,4.23,32,2.11,2.01,1.86,1.76,16,-0.5,1.87,1.82,2.08,2.02
E1,06/08/11,Southampton,Leeds,3,1,H,2,0,H,K Wright,12,6,6,4,14,22,4,7,0,4,0,0,2.2,3.4,3.2,2.15,3.2,3,2.2,3.4,2.9,2.3,3.1,2.6,2.25,3.5,3,2.15,3.3,3,2.3,3.2,3.2,2.3,3.4,3,2.2,3.4,3.5,2.25,3.3,3.2,33,2.25,2.14,3.56,3.32,3.58,3.24,28,1.82,1.78,2.11,1.99,16,-0.25,1.87,1.82,2.09,2.03
E1,07/08/11,West Ham,Cardiff,0,1,A,0,0,D,H Webb,15,13,9,4,12,6,11,5,0,1,0,0,1.8,3.5,4.5,1.7,3.3,4.5,1.75,3.4,4.5,1.75,3.3,3.8,1.8,3.5,4.5,1.73,3.4,4.33,1.83,3.4,4.5,1.73,3.5,5,1.8,3.4,4.2,1.8,3.5,4.5,31,1.88,1.79,3.8,3.46,4.6,4.39,31,1.96,1.87,1.98,1.89,15,-0.5,1.88,1.82,2.11,2.02
E1,13/08/11,Barnsley,Southampton,0,1,A,0,1,A,C Webster,4,10,3,5,7,8,7,5,0,1,0,1,3,3.25,2.38,2.7,3.2,2.35,2.8,3.25,2.35,2.6,3.1,2.3,2.88,3.3,2.38,2.6,3.25,2.45,3,3.2,2.4,2.88,3.3,2.4,3.2,3.4,2.38,2.75,3.25,2.38,35,3.2,2.92,3.42,3.26,2.45,2.35,33,2.04,1.95,1.93,1.81,16,0,2.31,2.19,1.73,1.66
E1,13/08/11,Birmingham,Coventry,1,0,H,0,0,D,A Bates,11,6,5,2,7,15,7,6,0,1,0,0,1.8,3.5,4.5,1.7,3.3,4.5,1.75,3.4,4.5,1.7,3.3,4,1.73,3.5,5,1.7,3.4,4.5,1.8,3.3,4.8,1.73,3.4,5,1.8,3.6,5,1.67,3.5,5,35,1.8,1.74,3.68,3.45,5.26,4.74,31,2.19,2.08,1.77,1.7,16,-0.75,2.06,1.99,1.92,1.87
E1,13/08/11,Crystal Palace,Burnley,2,0,H,1,0,H,B Malone,7,7,3,1,10,8,5,6,1,1,0,1,2.63,3.3,2.63,2.55,3.1,2.55,2.6,3.25,2.55,2.45,3.1,2.45,2.62,3.3,2.62,2.55,3.25,2.5,2.7,3.1,2.7,2.63,3.25,2.63,2.75,3.4,2.75,2.5,3.25,2.62,35,2.82,2.64,3.4,3.21,2.7,2.58,33,2.04,1.96,1.9,1.8,18,0,2.03,1.96,1.92,1.87
E1,13/08/11,Doncaster,West Ham,0,1,A,0,1,A,S Mathieson,7,5,3,1,8,9,7,7,1,0,0,0,4,3.4,1.91,3.6,3.25,1.9,3.75,3.4,1.9,3.4,3.2,1.9,4,3.4,1.91,3.5,3.4,1.91,4,3.4,1.91,4,3.4,1.91,4.33,3.6,1.91,3.75,3.4,1.91,35,4.4,3.95,3.66,3.4,1.95,1.89,33,2.05,1.93,1.91,1.84,18,0.5,2.02,1.95,1.94,1.89
E1,13/08/11,Ipswich,Hull,0,1,A,0,0,D,D McDermid,14,9,5,8,12,12,12,6,0,1,0,0,2,3.4,3.75,1.9,3.25,3.6,2,3.4,3.4,2,3.1,3.2,2,3.4,3.75,1.95,3.3,3.5,2.05,3.2,3.8,2,3.3,3.75,2.05,3.5,3.8,1.91,3.4,3.75,35,2.08,1.98,3.5,3.34,4.2,3.67,33,2.02,1.97,1.93,1.8,16,-0.5,2.09,2.01,1.89,1.84
E1,13/08/11,Leeds,Middlesbrough,0,1,A,0,0,D,A Taylor,7,17,4,13,17,11,5,13,5,2,2,1,2.1,3.4,3.4,2.05,3.2,3.2,2.1,3.3,3.2,2.1,3.1,3,2.2,3.3,3.3,2.15,3.25,3.1,2.25,3.3,3.2,2.1,3.4,3.25,2.2,3.5,3.5,2.2,3.25,3.1,35,2.2,2.13,3.54,3.3,3.5,3.3,33,1.85,1.78,2.11,1.99,17,-0.25,1.9,1.83,2.09,2.03
E1,13/08/11,Leicester,Reading,0,2,A,0,0,D,K Stroud,14,11,5,7,9,11,7,2,0,1,0,0,1.8,3.6,4.33,1.75,3.3,4.2,1.8,3.5,4,1.85,3.2,3.5,1.73,3.5,5,1.75,3.4,4.2,1.83,3.4,4.5,1.73,3.6,4.5,1.8,3.8,4.75,1.8,3.4,4.2,35,1.83,1.77,3.93,3.51,5,4.38,31,1.79,1.72,2.17,2.05,17,-0.5,1.84,1.77,2.17,2.08
E1,13/08/11,Millwall,Nott'm Forest,2,0,H,1,0,H,G Scott,13,4,5,0,14,13,7,4,2,1,0,0,2.4,3.3,2.9,2.4,3.2,2.6,2.4,3.25,2.75,2.4,3.1,2.5,2.38,3.25,3,2.4,3.25,2.65,2.5,3.1,2.9,2.38,3.3,2.88,2.5,3.3,3,2.38,3.25,2.8,35,2.57,2.43,3.33,3.21,3.1,2.84,26,2.25,2.17,1.68,1.6,18,0,1.84,1.79,2.11,2.04
E1,13/08/11,Portsmouth,Brighton,0,1,A,0,1,A,N Swarbrick,11,4,3,4,23,16,5,6,5,3,0,0,2.4,3.3,2.88,2.3,3.2,2.75,2.35,3.3,2.75,2.2,3.1,2.8,2.4,3.3,2.88,2.4,3.25,2.65,2.38,3.4,2.9,2.3,3.3,3,2.5,3.4,3,2.3,3.25,2.9,35,2.5,2.37,3.5,3.28,3.1,2.86,33,2.08,1.98,1.88,1.78,16,-0.25,2.12,2.08,1.86,1.79
E1,13/08/11,Watford,Derby,0,1,A,0,0,D,D Deadman,18,4,11,3,9,10,12,4,3,5,0,0,2.1,3.25,3.6,2,3.2,3.4,2.05,3.25,3.4,2,3.1,3.2,2.1,3.4,3.4,2.05,3.25,3.25,2.1,3.3,3.5,2.1,3.4,3.25,2.1,3.6,3.6,2.1,3.25,3.25,35,2.1,2.05,3.75,3.35,3.8,3.46,31,1.8,1.69,2.25,2.1,16,-0.5,2.08,2.03,1.88,1.82
E1,14/08/11,Blackpool,Peterboro,2,1,H,1,0,H,C Boyeson,17,18,10,13,7,9,10,6,2,0,0,0,1.8,3.6,4.33,1.75,3.3,4.2,1.8,3.4,4.25,1.75,3.3,3.8,1.8,3.5,4.5,1.8,3.4,4,1.83,3.4,4.5,1.73,3.6,4.5,1.8,3.8,4.6,1.73,3.5,4.5,35,1.92,1.81,3.88,3.53,4.6,4.16,25,1.65,1.6,2.3,2.19,17,-0.5,1.92,1.85,2.04,1.99
E1,14/08/11,Cardiff,Bristol City,3,1,H,3,0,H,G Salisbury,17,13,10,6,3,12,7,4,0,3,0,0,1.67,3.75,5,1.6,3.4,5.25,1.65,3.6,5,1.6,3.4,4.6,1.67,3.5,5.5,1.62,3.5,5,1.73,3.5,5,1.67,3.6,5,1.73,3.8,5.4,1.67,3.5,5,35,1.75,1.66,3.96,3.62,5.5,5.06,31,1.8,1.7,2.2,2.08,17,-0.75,1.95,1.9,2.06,1.96
E1,16/08/11,Barnsley,Middlesbrough,1,3,A,1,3,A,D Drysdale,6,10,2,8,14,5,2,4,2,1,0,0,3.1,3.3,2.3,2.85,3.25,2.35,2.75,3.25,2.4,2.6,3.1,2.3,2.75,3.3,2.5,2.7,3.25,2.38,3,3.25,2.38,2.75,3.25,2.5,3.12,3.4,2.4,2.62,3.25,2.5,38,3.24,2.99,3.46,3.26,2.5,2.32,36,2.17,2.06,1.79,1.72,19,0,2.38,2.21,1.74,1.67
E1,16/08/11,Crystal Palace,Coventry,2,1,H,0,0,D,P Miller,14,8,8,4,13,7,11,5,2,2,0,0,2,3.4,3.75,2,3.25,3.65,2,3.25,3.6,1.9,3.2,3.4,2,3.4,3.75,2,3.25,3.4,2,3.2,4,2,3.25,3.75,2.1,3.4,3.8,2,3.25,3.5,38,2.12,2.02,3.41,3.29,3.98,3.66,35,2.28,2.11,1.75,1.69,18,-0.5,2.1,2.05,1.87,1.81
E1,16/08/11,Doncaster,Nott'm Forest,0,1,A,0,1,A,A Woolmer,10,6,5,2,7,15,4,3,1,0,0,0,3.3,3.3,2.2,3.25,3.25,2.15,3.1,3.25,2.2,2.6,3.1,2.3,3.1,3.3,2.25,3.1,3.25,2.15,3.2,3.2,2.25,3.25,3.25,2.2,3.3,3.5,2.25,3,3.25,2.25,38,3.48,3.24,3.43,3.27,2.3,2.2,35,2.31,2.13,1.75,1.67,19,0.25,1.98,1.93,1.98,1.93
E1,16/08/11,Ipswich,Southampton,2,5,A,0,3,A,J Moss,10,12,7,9,7,7,3,1,2,1,0,0,2.6,3.4,2.6,2.55,3.1,2.6,2.5,3.25,2.65,2.2,3.1,2.8,2.5,3.3,2.75,2.35,3.25,2.7,2.7,3.1,2.7,2.38,3.25,2.88,2.75,3.4,2.62,2.3,3.25,2.88,38,2.77,2.58,3.49,3.22,2.88,2.67,37,1.97,1.87,1.98,1.89,21,0,1.96,1.9,2,1.92
E1,16/08/11,Leeds,Hull,4,1,H,2,1,H,E Ilderton,15,18,9,7,6,10,4,15,1,1,0,0,2.4,3.3,2.9,2.3,3.25,2.95,2.25,3.2,3,2.2,3.1,2.8,2.38,3.25,3,2.38,3.25,2.7,2.38,3.25,3,2.3,3.25,3,2.4,3.5,3,2.3,3.3,2.88,38,2.46,2.35,3.45,3.25,3.2,2.97,37,2.12,1.96,1.91,1.81,18,0,1.77,1.71,2.2,2.11
E1,16/08/11,Portsmouth,Reading,1,0,H,0,0,D,A D'Urso,16,8,8,3,11,17,12,8,2,2,0,0,2.9,3.3,2.4,2.95,3.25,2.3,2.75,3.2,2.45,2.45,3.1,2.45,2.75,3.3,2.5,2.6,3.25,2.45,2.9,3.1,2.5,2.75,3.25,2.5,3,3.3,2.5,2.62,3.25,2.5,38,3.13,2.9,3.4,3.24,2.55,2.4,36,2.14,2.03,1.84,1.74,18,0,2.24,2.11,1.79,1.73
E1,16/08/11,Watford,West Ham,0,4,A,0,2,A,D Whitestone,12,11,9,6,6,9,6,6,2,1,0,0,3.2,3.4,2.2,3.25,3.25,2.15,3.25,3.25,2.1,3,3.1,2.1,3.2,3.3,2.25,3.1,3.25,2.15,3.2,3.2,2.25,3.25,3.4,2.1,3.25,3.5,2.3,3.3,3.25,2.1,37,3.39,3.18,3.56,3.3,2.29,2.2,37,1.95,1.87,2,1.89,18,0.25,1.98,1.91,2,1.95
E1,17/08/11,Blackpool,Derby,0,1,A,0,0,D,M Haywood,16,8,6,3,10,8,6,1,1,1,0,0,1.83,3.5,4.33,1.85,3.35,4.1,1.85,3.4,4,1.85,3.2,3.5,1.83,3.4,4.33,1.83,3.4,3.8,1.83,3.75,4,1.83,3.6,4,1.85,3.6,4.33,1.91,3.4,3.75,35,1.91,1.84,3.76,3.45,4.45,4.16,28,1.73,1.66,2.2,2.1,17,-0.5,1.88,1.84,2.09,2.01
E1,17/08/11,Cardiff,Brighton,1,3,A,0,1,A,K Stroud,12,8,7,3,4,15,6,3,1,4,0,0,2,3.4,3.75,2,3.25,3.65,2,3.25,3.6,1.9,3.2,3.4,2,3.4,3.75,2,3.25,3.4,2.05,3.3,3.6,1.91,3.4,3.75,2.05,3.6,3.8,2,3.25,3.5,35,2.05,2,3.6,3.34,3.86,3.63,34,1.94,1.84,2.01,1.92,15,-0.5,2.04,2.01,1.9,1.84
E1,17/08/11,Leicester,Bristol City,1,2,A,0,1,A,N Miller,16,10,5,4,14,11,4,3,3,3,0,0,1.5,4,7,1.5,3.75,6.75,1.5,3.75,6.5,1.5,3.7,5,1.53,3.75,7,1.5,3.75,6,1.53,4,6,1.5,3.75,7,1.53,4.33,7,1.5,3.6,7,35,1.53,1.5,4.44,3.87,7.05,6.66,33,1.76,1.69,2.2,2.08,17,-1,1.9,1.86,2.07,1.99
E1,17/08/11,Millwall,Peterboro,2,2,D,1,0,H,N Swarbrick,28,17,19,11,9,14,8,10,1,2,0,0,1.91,3.5,4,1.8,3.35,4.35,1.85,3.25,4.25,1.8,3.2,3.7,1.83,3.4,4.33,1.8,3.4,4,1.83,3.5,4.2,1.83,3.4,4.33,1.91,3.75,4.2,1.83,3.4,4,35,1.93,1.86,3.75,3.43,4.5,4.09,28,1.73,1.64,2.25,2.11,17,-0.5,1.93,1.89,2,1.96
E1,20/08/11,Brighton,Blackpool,2,2,D,1,0,H,P Gibbs,5,5,3,3,9,17,3,5,3,5,0,0,2.1,3.5,3.3,2.15,3.25,3.25,2.15,3.3,3.1,2.1,3.1,3,2.1,3.4,3.4,2.15,3.4,2.9,2.15,3.4,3.3,2.25,3.5,2.8,2.15,3.5,3.6,2.1,3.3,3.25,34,2.25,2.11,3.54,3.35,3.61,3.3,34,1.91,1.84,2.03,1.91,17,-0.25,1.86,1.82,2.13,2.04
E1,20/08/11,Bristol City,Portsmouth,0,0,D,0,0,D,M Naylor,9,13,5,5,13,13,7,6,1,1,0,0,2.4,3.3,2.9,2.4,3.25,2.8,2.35,3.25,2.8,2.3,3.1,2.6,2.38,3.3,2.9,2.35,3.25,2.7,2.38,3.25,3,2.4,3.25,2.75,2.5,3.4,3,2.3,3.3,2.88,34,2.5,2.4,3.4,3.25,3.04,2.85,34,2.11,2,1.88,1.76,16,0,1.81,1.74,2.19,2.11
E1,20/08/11,Burnley,Cardiff,1,1,D,1,1,D,A Bates,18,10,8,5,9,8,4,4,1,4,0,0,2.5,3.5,2.63,2.5,3.3,2.65,2.45,3.25,2.7,2.4,3.1,2.5,2.5,3.3,2.75,2.4,3.2,2.7,2.5,3.4,2.75,2.5,3.5,2.5,2.5,3.5,2.88,2.38,3.25,2.8,34,2.59,2.48,3.5,3.29,3.1,2.73,32,1.8,1.73,2.17,2.03,18,0,1.88,1.81,2.08,2.01
E1,20/08/11,Coventry,Watford,0,0,D,0,0,D,R East,10,14,5,11,7,14,7,5,0,2,0,0,2.5,3.4,2.75,2.5,3.3,2.65,2.45,3.25,2.7,2.3,3.1,2.6,2.4,3.4,2.8,2.45,3.25,2.6,2.5,3.4,2.75,2.5,3.4,2.6,2.5,3.5,2.88,2.38,3.3,2.75,34,2.6,2.46,3.5,3.3,2.88,2.73,34,1.95,1.83,2,1.93,18,0,1.9,1.81,2.07,2.02
E1,20/08/11,Derby,Doncaster,3,0,H,1,0,H,O Langford,10,12,6,4,8,5,2,7,0,1,0,0,1.73,3.75,4.6,1.75,3.6,4.33,1.75,3.5,4.25,1.75,3.3,3.8,1.73,3.5,5,1.7,3.4,4.5,1.8,3.75,4.2,1.75,3.6,4.33,1.75,3.8,5,1.8,3.4,4.2,34,1.83,1.76,3.75,3.53,5,4.52,34,1.95,1.81,2.05,1.95,16,-0.5,1.83,1.75,2.18,2.09
E1,20/08/11,Hull,Crystal Palace,0,1,A,0,1,A,G Salisbury,14,6,8,4,8,10,4,2,1,1,0,0,1.83,3.4,4.5,1.75,3.45,4.5,1.85,3.4,4,1.85,3.2,3.5,1.83,3.4,4.5,1.83,3.4,3.8,1.85,3.4,4.4,1.8,3.4,4.33,1.91,3.5,4.5,1.75,3.5,4.33,34,1.93,1.85,3.6,3.37,4.75,4.23,33,2.19,2.06,1.8,1.71,18,-0.5,1.93,1.86,2.04,1.99
E1,20/08/11,Nott'm Forest,Leicester,2,2,D,0,2,A,J Moss,7,4,5,4,7,8,4,3,0,3,0,1,2.4,3.3,2.9,2.4,3.2,2.85,2.4,3.25,2.75,2.2,3.1,2.8,2.5,3.3,2.75,2.38,3.25,2.7,2.38,3.25,3,2.4,3.4,2.7,2.5,3.4,3,2.5,3.25,2.6,34,2.51,2.42,3.45,3.25,3.03,2.83,34,2.11,2,1.84,1.76,16,0,1.8,1.74,2.16,2.08
E1,20/08/11,Peterboro,Ipswich,7,1,H,4,1,H,G Scott,24,4,14,3,2,10,11,1,2,2,0,2,2.25,3.5,3,2.3,3.4,2.85,2.35,3.3,2.75,2.2,3.1,2.8,2.38,3.4,2.88,2.3,3.4,2.7,2.3,3.6,2.9,2.38,3.5,2.7,2.3,3.6,3.1,2.4,3.3,2.7,34,2.4,2.31,3.58,3.36,3.2,2.91,28,1.75,1.67,2.26,2.08,16,0,1.76,1.68,2.31,2.16
E1,20/08/11,Reading,Barnsley,1,2,A,0,1,A,B Malone,15,10,10,8,7,13,7,7,0,3,0,0,1.57,4,5.5,1.55,3.75,6,1.6,3.75,5,1.55,3.5,4.8,1.62,3.6,6,1.57,3.5,5.5,1.6,4,5.5,1.57,4,5,1.57,4.2,6.5,1.53,3.75,6,34,1.62,1.55,4.2,3.79,7,6.01,34,1.83,1.75,2.13,2.01,15,-1,1.94,1.89,2.02,1.97
E1,20/08/11,Southampton,Millwall,1,0,H,1,0,H,A D'Urso,14,11,7,5,11,15,7,4,0,3,0,0,1.73,3.5,5,1.8,3.35,4.4,1.8,3.4,4.25,1.8,3.2,3.7,1.8,3.5,4.5,1.75,3.4,4.2,1.85,3.5,4.33,1.73,3.5,4.5,1.8,3.6,5,1.75,3.4,4.5,34,1.8,1.77,3.64,3.47,5.18,4.56,33,2,1.93,1.94,1.82,17,-0.5,1.84,1.75,2.19,2.1
E1,21/08/11,Middlesbrough,Birmingham,3,1,H,0,1,A,M Brown,15,11,10,6,11,6,5,7,2,2,0,0,2,3.5,3.6,2.1,3.3,3.3,2.1,3.3,3.25,2.1,3.1,3,2.1,3.3,3.5,2,3.25,3.4,2.15,3.5,3.25,2.2,3.4,3,2.1,3.5,3.75,2.15,3.25,3.2,33,2.2,2.08,3.44,3.29,4,3.49,33,2.11,1.98,1.85,1.78,15,-0.5,2.12,2.06,1.85,1.8
E1,21/08/11,West Ham,Leeds,2,2,D,1,0,H,M Oliver,18,17,10,11,14,7,12,12,1,1,0,0,1.73,3.6,4.8,1.72,3.45,4.75,1.7,3.6,4.5,1.7,3.3,4,1.73,3.75,4.5,1.7,3.4,4.5,1.75,4,4.2,1.73,3.8,4.2,1.73,4,5,1.73,3.5,4.5,34,1.75,1.7,4,3.65,5.3,4.73,27,1.73,1.65,2.2,2.11,17,-0.75,2,1.92,1.99,1.94
E1,27/08/11,Brighton,Peterboro,2,0,H,1,0,H,G Ward,9,12,3,9,9,11,3,8,1,1,0,0,1.91,3.6,3.75,1.91,3.4,3.75,1.9,3.5,3.6,1.9,3.2,3.4,1.91,3.4,4,1.9,3.4,3.6,1.95,3.5,3.75,1.91,3.6,3.6,1.95,3.75,4,1.91,3.5,3.6,42,2,1.91,3.82,3.5,4,3.74,31,1.6,1.54,2.5,2.33,22,-0.5,1.96,1.92,1.98,1.91
E1,27/08/11,Crystal Palace,Blackpool,1,1,D,0,1,A,A Marriner,18,16,7,11,6,9,8,4,0,2,0,0,2.63,3.25,2.63,2.6,3.2,2.6,2.5,3.2,2.65,2.45,3.1,2.45,2.5,3.4,2.7,2.5,3.2,2.55,2.75,3,2.75,2.4,3.4,2.75,2.75,3.4,2.75,2.4,3.25,2.75,42,2.77,2.59,3.4,3.24,2.75,2.63,42,2.08,1.97,1.88,1.79,21,0,2,1.91,1.96,1.9
E1,27/08/11,Derby,Burnley,1,2,A,0,0,D,A Haines,21,22,12,12,13,10,10,4,1,1,0,0,2.38,3.4,2.88,2.25,3.3,3,2.2,3.3,3,2.2,3.1,2.8,2.2,3.4,3.2,2.2,3.3,2.9,2.5,3.1,2.9,2.1,3.4,3.25,2.4,3.4,3,2.15,3.25,3.2,41,2.5,2.32,3.45,3.28,3.25,2.95,41,1.94,1.84,2,1.92,18,-0.25,2.16,2.1,1.81,1.78
E1,27/08/11,Doncaster,Bristol City,1,1,D,0,1,A,G Scott,12,4,7,1,4,11,9,1,0,1,0,0,2.5,3.25,2.8,2.35,3.25,2.85,2.4,3.3,2.7,2.4,3.1,2.5,2.4,3.4,2.8,2.5,3.25,2.55,2.6,3.1,2.8,2.38,3.4,2.75,2.5,3.3,3,2.4,3.25,2.75,42,2.6,2.43,3.4,3.25,3.04,2.81,41,2.17,2.03,1.8,1.73,20,0,1.8,1.74,2.17,2.08
E1,27/08/11,Hull,Reading,1,0,H,0,0,D,O Langford,12,6,8,3,8,11,14,2,3,1,0,0,2.63,3.25,2.63,2.6,3,2.75,2.5,3.2,2.65,2.45,3.1,2.45,2.5,3.3,2.75,2.5,3.25,2.55,2.75,3,2.75,2.5,3.25,2.75,2.75,3.3,2.62,2.4,3.25,2.75,41,2.75,2.58,3.4,3.21,2.77,2.65,39,2.25,2.1,1.73,1.68,21,0,1.95,1.89,1.97,1.92
E1,27/08/11,Ipswich,Leeds,2,1,H,0,1,A,A D'Urso,15,13,9,7,13,9,5,7,3,2,0,1,2.38,3.5,2.8,2.45,3.25,2.75,2.4,3.3,2.7,2.3,3.1,2.6,2.4,3.3,2.9,2.38,3.25,2.7,2.5,3.25,2.8,2.4,3.4,2.75,2.5,3.5,2.88,2.4,3.4,2.7,41,2.5,2.4,3.67,3.36,2.92,2.77,39,1.73,1.66,2.33,2.14,20,0,1.8,1.75,2.17,2.07
E1,27/08/11,Leicester,Southampton,3,2,H,3,1,H,S Mathieson,13,17,6,11,12,10,5,4,2,1,0,0,2.38,3.25,3,2.45,3.4,2.9,2.3,3.3,2.85,2.3,3.1,2.6,2.4,3.3,2.9,2.3,3.25,2.8,2.4,3.1,3.1,2.4,3.4,2.75,2.38,3.4,3.12,2.38,3.25,2.8,42,2.4,2.33,3.49,3.28,3.17,2.92,41,1.94,1.87,1.98,1.88,18,-0.25,2.04,2,1.9,1.86
E1,27/08/11,Middlesbrough,Coventry,1,1,D,1,0,H,P Tierney,16,10,9,6,7,8,12,3,0,1,0,0,1.67,3.75,5,1.7,3.5,4.75,1.7,3.5,4.75,1.65,3.3,4.4,1.67,3.75,5,1.67,3.4,4.75,1.75,3.4,5,1.62,3.6,5.5,1.7,3.8,5.4,1.7,3.5,4.75,42,1.73,1.67,4,3.62,5.5,5,42,1.95,1.86,2,1.89,18,-0.75,1.98,1.88,2.02,1.98
E1,27/08/11,Millwall,Barnsley,0,0,D,0,0,D,D Coote,15,4,10,1,9,8,11,3,2,1,0,0,1.62,3.75,5.5,1.6,3.6,5.5,1.62,3.6,5.25,1.55,3.5,4.8,1.73,3.5,5,1.62,3.5,5,1.67,3.5,5.5,1.67,3.6,5,1.67,3.75,6,1.67,3.5,5,42,1.73,1.63,4,3.63,6,5.32,42,2.08,1.98,1.85,1.78,18,-0.75,1.88,1.84,2.06,2.02
E1,27/08/11,Portsmouth,Cardiff,1,1,D,0,0,D,A Woolmer,12,15,7,9,15,10,8,7,1,1,0,0,2.5,3.3,2.75,2.5,3.2,2.7,2.5,3.2,2.65,2.45,3.1,2.45,2.5,3.3,2.75,2.5,3.25,2.55,2.7,3,2.8,2.6,3.25,2.6,2.6,3.4,2.88,2.4,3.3,2.7,42,2.7,2.5,3.35,3.23,2.95,2.73,40,2.19,2.06,1.78,1.71,21,0,1.85,1.8,2.1,2.02
E1,28/08/11,Nott'm Forest,West Ham,1,4,A,0,3,A,G Salisbury,14,10,8,6,5,10,10,9,2,2,0,0,2.75,3.3,2.5,2.8,3.3,2.55,2.7,3.25,2.45,2.6,3.1,2.3,2.75,3.3,2.5,2.65,3.25,2.4,2.8,3.1,2.6,2.75,3.25,2.5,2.75,3.4,2.62,2.8,3.3,2.38,42,2.8,2.71,3.42,3.25,2.68,2.5,42,2.06,1.97,1.88,1.79,21,0,2.04,1.97,1.95,1.84
E1,28/08/11,Watford,Birmingham,2,2,D,0,1,A,N Swarbrick,10,9,4,2,9,13,1,7,1,1,0,0,2.3,3.4,3,2.25,3.3,3,2.3,3.3,2.85,2.2,3.1,2.8,2.4,3.3,2.9,2.3,3.25,2.8,2.4,3.2,3,2.4,3.25,2.88,2.38,3.5,3.1,2.3,3.3,2.88,42,2.4,2.3,3.54,3.28,3.3,2.97,42,2.04,1.95,1.89,1.81,18,-0.25,2.04,1.97,1.93,1.89
E1,10/09/11,Barnsley,Leicester,1,1,D,1,0,H,D Webb,12,9,6,6,10,6,5,6,3,2,0,0,3.6,3.5,2,3.45,3.3,2.05,3.3,3.3,2.1,3.2,3.1,2,3.6,3.5,2,3.25,3.25,2.05,3.5,3.4,2.1,3.4,3.3,2.05,3.8,3.5,2.05,3.4,3.25,2.05,42,4.01,3.56,3.63,3.38,2.11,2,39,2,1.91,1.92,1.84,20,0.5,1.93,1.85,2.04,1.99
E1,10/09/11,Blackpool,Ipswich,2,0,H,0,0,D,C Webster,10,9,4,2,5,15,1,3,1,1,0,0,1.83,3.6,4.2,1.8,3.4,4.3,1.8,3.5,4,1.8,3.2,3.7,1.83,3.75,4,1.8,3.4,4,1.83,3.8,4,1.83,3.5,4,1.85,3.8,4.33,1.83,3.4,4,42,1.85,1.81,3.94,3.51,4.6,4.2,31,1.75,1.64,2.25,2.14,18,-0.5,1.85,1.8,2.13,2.03
E1,10/09/11,Bristol City,Brighton,0,1,A,0,0,D,D Whitestone,15,14,9,8,11,8,8,7,1,0,0,0,3,3.4,2.3,3.25,3.4,2.1,3.1,3.3,2.15,2.6,3.1,2.3,3.1,3.4,2.25,2.7,3.25,2.35,2.9,3.4,2.38,3.1,3.25,2.2,3.12,3.5,2.38,3,3.25,2.2,41,3.25,3.04,3.48,3.3,2.4,2.26,39,1.93,1.84,2,1.92,16,0.25,1.9,1.85,2.05,2
E1,10/09/11,Burnley,Middlesbrough,0,2,A,0,1,A,M Haywood,13,9,4,6,9,5,5,2,3,2,0,0,2.6,3.25,2.7,2.45,3.2,2.75,2.5,3.3,2.6,2.3,3.1,2.6,2.5,3.4,2.7,2.4,3.25,2.65,2.45,3.4,2.8,2.5,3.3,2.63,2.6,3.5,2.75,2.38,3.25,2.8,42,2.62,2.5,3.6,3.29,2.9,2.69,39,1.85,1.77,2.14,2,17,0,1.91,1.82,2.07,2
E1,10/09/11,Cardiff,Doncaster,2,0,H,0,0,D,K Wright,13,8,6,3,11,9,7,2,1,2,0,0,1.62,3.75,5.5,1.57,3.8,5.5,1.57,3.75,5.5,1.55,3.5,4.8,1.57,3.75,6,1.57,3.6,5.25,1.6,4,5.5,1.62,3.6,5.25,1.62,3.8,6,1.57,3.75,5.5,42,1.68,1.6,4.05,3.72,6.03,5.57,38,1.86,1.74,2.15,2.04,17,-1,2.18,2.12,1.8,1.74
E1,10/09/11,Coventry,Derby,2,0,H,0,0,D,C Foy,11,13,8,7,12,10,7,8,0,0,0,0,2.4,3.3,2.88,2.45,3.2,2.75,2.4,3.25,2.75,2.3,3.1,2.6,2.4,3.3,2.88,2.4,3.25,2.65,2.38,3.25,3,2.4,3.25,2.8,2.4,3.3,3.12,2.5,3.25,2.7,40,2.5,2.4,3.4,3.26,3.2,2.85,35,2.2,2.09,1.76,1.69,16,0,1.8,1.71,2.27,2.13
E1,10/09/11,Leeds,Crystal Palace,3,2,H,1,2,A,S Mathieson,10,10,8,6,15,12,3,5,2,2,0,0,1.8,3.6,4.33,1.78,3.5,4.33,1.8,3.5,4,1.85,3.2,3.5,1.83,3.5,4.33,1.8,3.4,4,1.83,3.6,4.2,1.8,3.6,4,1.85,3.75,4.5,1.73,3.5,4.5,42,1.87,1.81,3.72,3.48,4.6,4.27,39,1.85,1.78,2.16,1.98,18,-0.5,1.87,1.82,2.1,2.01
E1,10/09/11,Peterboro,Hull,0,1,A,0,0,D,G Eltringham,13,10,8,7,7,11,11,5,2,2,0,0,2.2,3.4,3.2,2.1,3.3,3.3,2.1,3.4,3.2,2.1,3.1,3,2.3,3.4,3,2.2,3.25,2.95,2.2,3.5,3.1,2.2,3.3,3.1,2.25,3.6,3.2,2.25,3.25,3,42,2.3,2.19,3.7,3.35,3.4,3.14,29,1.62,1.58,2.38,2.25,17,-0.25,2,1.95,1.96,1.91
E1,10/09/11,Reading,Watford,0,2,A,0,1,A,J Linington,8,11,0,7,10,10,6,5,2,2,0,0,1.73,3.6,4.8,1.7,3.5,4.75,1.72,3.5,4.5,1.75,3.3,3.8,1.73,3.5,5,1.73,3.4,4.33,1.75,3.75,4.5,1.73,3.5,4.5,1.8,3.8,4.75,1.67,3.5,5,42,1.8,1.73,3.9,3.54,5,4.66,40,1.87,1.78,2.11,1.98,17,-0.75,2.03,1.98,1.92,1.88
E1,10/09/11,Southampton,Nott'm Forest,3,2,H,2,2,D,I Williamson,16,10,12,7,11,13,8,6,2,4,0,0,1.83,3.5,4.33,1.95,3.5,4,1.9,3.4,3.75,1.9,3.2,3.4,1.83,3.5,4.33,1.85,3.4,3.75,1.83,3.5,4.2,1.91,3.4,3.8,1.85,3.75,4.5,1.8,3.4,4.2,41,1.91,1.84,3.79,3.43,4.8,4.16,39,2.04,1.95,1.89,1.81,20,-0.5,1.9,1.84,2.11,1.99
E1,10/09/11,West Ham,Portsmouth,4,3,H,1,1,D,R East,11,12,6,7,10,12,4,4,2,4,1,1,1.62,3.75,5.5,1.62,3.5,5.5,1.65,3.6,5,1.65,3.3,4.4,1.62,3.75,5.5,1.65,3.5,4.75,1.65,4,5,1.67,3.5,5,1.67,4,5.5,1.62,3.4,5.5,41,1.74,1.64,4,3.63,5.5,5.24,38,1.91,1.79,2.06,1.97,16,-1,2.23,2.12,1.8,1.73
E1,11/09/11,Birmingham,Millwall,3,0,H,1,0,H,M Dean,15,13,7,8,8,10,9,5,1,1,0,0,2.25,3.4,3.1,2.25,3.4,3.25,2.25,3.25,3,2.1,3.1,3,2.3,3.3,3.1,2.2,3.25,2.95,2.38,3.25,3,2.2,3.3,3.1,2.38,3.4,3.2,2.2,3.25,3.1,41,2.39,2.25,3.45,3.26,3.2,3.08,38,2.14,2.05,1.79,1.72,16,-0.25,2.04,1.99,1.93,1.88
E1,17/09/11,Barnsley,Watford,1,1,D,0,1,A,E Ilderton,16,9,7,3,5,3,7,2,0,0,0,0,2.5,3.25,2.8,2.35,3.2,2.9,2.3,3.25,2.9,2.4,3.1,2.5,2.5,3.3,2.8,2.4,3.25,2.65,2.6,3.2,2.75,2.4,3.3,2.9,2.5,3.4,2.88,2.3,3.25,2.88,42,2.6,2.43,3.42,3.23,3,2.82,41,2.11,2,1.83,1.76,19,0,1.85,1.77,2.1,2.05
E1,17/09/11,Blackpool,Cardiff,1,1,D,0,0,D,J Moss,11,25,9,15,9,8,3,11,2,1,0,0,2.1,3.4,3.4,2.05,3.25,3.5,2.1,3.3,3.2,2.1,3.1,3,2.2,3.4,3.3,2.1,3.25,3.2,2.25,3.2,3.2,2.2,3.5,3.1,2.2,3.5,3.5,2.25,3.4,2.9,42,2.25,2.15,3.5,3.28,3.5,3.27,41,1.96,1.83,2,1.93,20,-0.25,1.94,1.88,2.01,1.97
E1,17/09/11,Crystal Palace,Middlesbrough,0,1,A,0,0,D,G Sutton,11,9,4,5,14,11,5,7,1,2,0,1,3.1,3.4,2.25,3.1,3.25,2.2,2.9,3.3,2.25,2.6,3.1,2.3,3,3.3,2.38,2.85,3.25,2.25,3,3.2,2.38,2.9,3.5,2.3,3.2,3.5,2.3,2.9,3.3,2.3,42,3.2,3.05,3.5,3.28,2.38,2.27,41,2,1.9,1.94,1.86,20,0.25,1.93,1.89,2.03,1.96
E1,17/09/11,Hull,Portsmouth,1,0,H,1,0,H,A Haines,17,5,7,0,11,15,5,3,0,1,0,1,2.2,3.2,3.4,2.1,3.25,3.35,2.1,3.25,3.25,2.1,3.1,3,2.1,3.4,3.5,2.05,3.25,3.25,2.25,3.2,3.2,2.1,3.25,3.4,2.2,3.3,3.5,2.2,3.3,3.1,42,2.28,2.14,3.4,3.22,3.5,3.34,39,2.3,2.1,1.77,1.69,20,-0.25,1.96,1.9,2,1.95
E1,17/09/11,Leeds,Bristol City,2,1,H,1,1,D,F Graham,10,10,6,5,11,11,4,6,0,2,1,0,1.73,3.75,4.5,1.72,3.7,4.4,1.73,3.5,4.33,1.65,3.3,4.4,1.73,3.6,5,1.73,3.4,4.33,1.75,3.5,4.8,1.73,3.6,4.75,1.73,4,5,1.73,3.6,4.5,42,1.8,1.72,4,3.61,5,4.61,33,1.7,1.63,2.25,2.14,20,-0.75,1.98,1.92,1.97,1.93
E1,17/09/11,Leicester,Brighton,1,0,H,0,0,D,G Scott,22,7,11,5,12,15,5,4,4,4,0,1,2.1,3.4,3.4,2.05,3.3,3.5,2.05,3.3,3.3,2.1,3.1,3,2.1,3.4,3.5,2,3.25,3.4,2.2,3.3,3.3,2.1,3.4,3.4,2.15,3.6,3.5,2.05,3.4,3.4,42,2.2,2.1,3.56,3.31,3.6,3.37,41,1.96,1.89,2.01,1.87,20,-0.25,1.89,1.85,2.06,2.01
E1,17/09/11,Millwall,West Ham,0,0,D,0,0,D,L Mason,10,10,5,5,8,5,8,1,1,2,0,0,2.8,3.5,2.38,2.8,3.25,2.4,2.85,3.3,2.3,2.8,3.1,2.2,3,3.3,2.38,2.88,3.2,2.25,2.8,3.3,2.5,2.9,3.3,2.4,2.88,3.6,2.4,3,3.3,2.3,42,3,2.86,3.63,3.31,2.5,2.37,41,1.96,1.85,1.98,1.9,19,0.25,1.82,1.79,2.14,2.07
E1,17/09/11,Nott'm Forest,Derby,1,2,A,1,1,D,S Mathieson,11,5,5,3,11,14,12,3,3,1,0,1,1.8,3.5,4.5,1.75,3.45,4.5,1.8,3.4,4.2,1.8,3.2,3.7,1.83,3.5,4.5,1.8,3.4,4,1.83,3.2,4.8,1.8,3.5,4.33,1.8,3.6,5,1.8,3.4,4.5,42,1.83,1.78,3.62,3.43,5.09,4.54,41,1.98,1.87,1.95,1.88,20,-0.5,1.81,1.75,2.19,2.09
E1,17/09/11,Peterboro,Burnley,2,1,H,2,1,H,J Waugh,17,14,7,9,6,8,5,7,2,1,0,0,2.1,3.5,3.25,2.1,3.4,3.2,2.15,3.3,3.1,2.2,3.1,2.8,2.25,3.4,3.2,2.1,3.4,3,2.2,3.25,3.25,2.2,3.4,3.2,2.15,3.6,3.5,2.25,3.4,3,42,2.25,2.12,3.7,3.41,3.45,3.23,31,1.67,1.59,2.5,2.22,20,-0.25,1.9,1.85,2.07,2.01
E1,17/09/11,Reading,Doncaster,2,0,H,0,0,D,G Salisbury,17,7,11,3,4,10,7,3,0,2,0,0,1.62,3.75,5.5,1.55,3.8,5.75,1.6,3.75,5,1.6,3.4,4.6,1.62,3.75,6,1.6,3.5,5.2,1.67,3.5,5.5,1.62,3.8,5.5,1.62,4,5.5,1.62,3.6,5.5,42,1.67,1.61,4,3.67,6,5.51,41,1.91,1.79,2.07,1.97,18,-1,2.15,2.1,1.81,1.76
E1,18/09/11,Southampton,Birmingham,4,1,H,3,0,H,D Whitestone,9,11,3,5,12,11,3,3,0,3,0,0,1.73,3.5,5,1.7,3.5,4.75,1.7,3.6,4.5,1.7,3.3,4,1.73,3.75,4.5,1.67,3.4,4.75,1.73,3.5,5,1.73,3.5,5,1.73,3.8,5,1.73,3.5,4.75,42,1.73,1.7,3.97,3.54,5.25,4.89,40,1.84,1.73,2.16,2.04,19,-0.75,1.93,1.89,2.01,1.97
E1,19/09/11,Ipswich,Coventry,3,0,H,2,0,H,C Pawson,19,9,6,3,5,5,6,5,0,1,0,0,2,3.4,3.75,2.05,3.25,3.5,2,3.25,3.5,2,3.1,3.2,2,3.4,3.75,2.05,3.25,3.25,2.1,3.2,3.6,2,3.5,3.6,2,3.5,3.8,2.05,3.4,3.6,42,2.11,2.04,3.57,3.29,3.8,3.55,41,1.97,1.89,1.99,1.88,19,-0.5,2.12,2.08,1.83,1.79
E1,23/09/11,Brighton,Leeds,3,3,D,0,2,A,L Probert,9,10,7,7,8,18,6,2,5,5,0,0,2.1,3.4,3.4,2.1,3.3,3.3,2,3.3,3.5,2,3.1,3.2,2,3.5,3.6,1.95,3.25,3.6,2.15,3.4,3.25,2,3.4,3.6,2.15,3.5,3.6,2.1,3.4,3.4,45,2.23,2.1,3.6,3.34,3.6,3.37,41,1.79,1.7,2.2,2.11,22,-0.5,2.22,2.15,1.76,1.72
E1,24/09/11,Birmingham,Barnsley,1,1,D,0,1,A,D Phillips,10,11,4,4,13,15,4,3,2,1,0,0,1.73,3.5,5,1.7,3.4,5,1.75,3.4,4.5,1.7,3.3,4,1.8,3.5,4.5,1.73,3.4,4.33,1.8,3.2,5,1.73,3.5,4.75,1.75,3.6,5.4,1.73,3.5,4.5,43,1.8,1.74,3.69,3.46,5.4,4.77,41,2.12,2.01,1.82,1.76,19,-0.5,1.78,1.73,2.23,2.12
E1,24/09/11,Bristol City,Hull,1,1,D,0,0,D,D Sheldrake,14,12,8,5,9,14,5,2,0,2,0,0,2.7,3.25,2.6,2.65,3.1,2.6,2.5,3.25,2.6,2.4,3.1,2.5,2.6,3.2,2.7,2.55,3.1,2.6,2.7,3.1,2.7,2.5,3.25,2.75,2.75,3.25,2.62,2.5,3.3,2.62,43,2.76,2.61,3.36,3.18,2.79,2.64,34,2.27,2.13,1.71,1.65,21,0,1.96,1.89,2.01,1.92
E1,24/09/11,Burnley,Southampton,1,1,D,0,0,D,A Taylor,13,11,6,5,8,7,7,2,0,0,0,0,3.2,3.4,2.2,3.1,3.3,2.2,2.9,3.3,2.25,2.8,3.1,2.2,3.1,3.4,2.25,2.75,3.4,2.25,3.1,3.3,2.3,3,3.4,2.25,3.25,3.6,2.25,2.9,3.3,2.25,43,3.67,3.12,3.64,3.35,2.3,2.2,32,1.74,1.66,2.21,2.11,20,0.25,2.03,1.96,2,1.89
E1,24/09/11,Coventry,Reading,1,1,D,1,1,D,E Ilderton,15,14,9,6,9,11,8,9,2,2,0,0,3,3.2,2.38,2.85,3.1,2.45,2.75,3.25,2.4,2.6,3.1,2.3,2.88,3.25,2.5,2.62,3.25,2.45,2.9,3.1,2.5,2.9,3.2,2.4,3.12,3.3,2.4,2.8,3.25,2.4,43,3.3,2.91,3.4,3.23,2.5,2.37,39,2.25,2.06,1.8,1.72,18,0.25,1.92,1.87,2.05,1.99
E1,24/09/11,Derby,Millwall,3,0,H,2,0,H,C Webster,12,15,5,7,9,12,4,5,2,2,0,0,2.5,3.25,2.8,2.5,3.15,2.75,2.5,3.25,2.6,2.4,3.1,2.5,2.5,3.25,2.88,2.3,3.25,2.8,2.62,3.2,2.7,2.38,3.25,2.9,2.62,3.4,2.75,2.5,3.3,2.62,43,2.62,2.46,3.41,3.22,2.96,2.79,39,2.25,2.1,1.8,1.69,21,0,1.86,1.8,2.13,2.03
E1,24/09/11,Doncaster,Crystal Palace,1,0,H,0,0,D,C Sarginson,9,8,2,3,7,5,4,9,0,0,0,0,2.5,3.25,2.8,2.4,3.2,2.85,2.5,3.25,2.6,2.3,3.1,2.6,2.5,3.3,2.8,2.4,3.25,2.65,2.5,3.1,2.9,2.4,3.3,2.8,2.5,3.3,2.88,2.4,3.3,2.75,43,2.56,2.43,3.4,3.23,3,2.8,34,2.21,2.06,1.76,1.7,20,0,1.83,1.77,2.12,2.05
E1,24/09/11,Middlesbrough,Ipswich,0,0,D,0,0,D,S Mathieson,13,11,7,6,8,10,6,7,1,1,0,0,1.67,3.75,5,1.65,3.5,5.25,1.67,3.6,4.75,1.6,3.4,4.6,1.73,3.6,5,1.73,3.5,4.33,1.75,3.4,5,1.67,3.6,5,1.67,4,5,1.67,3.6,5,43,1.75,1.68,4.09,3.65,5.4,4.87,32,1.66,1.6,2.36,2.21,21,-0.75,1.92,1.87,2.04,1.98
E1,24/09/11,Portsmouth,Blackpool,1,0,H,0,0,D,D Deadman,11,7,2,4,12,6,5,11,3,6,0,0,2.38,3.25,3,2.35,3.2,2.9,2.4,3.25,2.75,2.3,3.1,2.6,2.5,3.3,2.8,2.4,3.25,2.65,2.5,3.1,2.9,2.5,3.25,2.75,2.4,3.4,3.1,2.4,3.3,2.75,43,2.5,2.41,3.44,3.25,3.11,2.84,39,2.15,2.02,1.85,1.75,18,-0.25,2.11,2.05,1.85,1.81
E1,24/09/11,Watford,Nott'm Forest,0,1,A,0,0,D,R Madley,12,7,5,4,14,8,4,4,0,1,0,0,2.5,3.3,2.8,2.45,3.2,2.75,2.4,3.25,2.75,2.3,3.1,2.6,2.5,3.25,2.88,2.4,3.25,2.65,2.5,3.1,2.9,2.6,3.25,2.63,2.5,3.4,2.88,2.5,3.3,2.62,43,2.6,2.44,3.52,3.24,3.04,2.81,42,2.07,1.96,1.92,1.81,21,0,1.83,1.78,2.14,2.05
E1,24/09/11,West Ham,Peterboro,1,0,H,1,0,H,A Bates,16,11,9,6,5,7,9,3,1,1,0,0,1.57,4,5.5,1.6,3.5,5.75,1.57,3.75,5.5,1.55,3.5,4.8,1.62,3.75,6,1.57,3.5,5.5,1.67,3.8,5,1.53,3.8,6,1.62,4,5.5,1.57,3.75,5.5,43,1.67,1.6,4.24,3.79,6,5.42,32,1.57,1.49,2.75,2.46,22,-1,2.09,2.02,1.87,1.83
E1,25/09/11,Cardiff,Leicester,0,0,D,0,0,D,M Haywood,11,14,7,8,16,13,4,4,1,3,0,0,2.38,3.3,2.9,2.3,3.5,3,2.35,3.25,2.8,2.2,3.1,2.8,2.4,3.2,3,2.4,3.25,2.65,2.4,3.2,3,2.4,3.3,2.8,2.4,3.6,2.88,2.4,3.3,2.75,41,2.46,2.37,3.62,3.27,3.2,2.88,40,1.95,1.86,2.01,1.9,17,-0.25,2.15,2.09,1.82,1.78
E1,27/09/11,Brighton,Crystal Palace,1,3,A,1,0,H,A D'Urso,5,10,2,5,16,13,6,6,2,3,0,0,1.67,3.5,5.5,1.62,3.5,5.75,1.6,3.6,5.5,1.6,3.4,4.6,1.67,3.6,5.5,1.65,3.8,5,1.62,3.75,5.5,1.62,3.9,5,1.67,3.8,5.5,1.57,3.75,5.5,46,1.71,1.63,4,3.67,5.9,5.46,44,1.88,1.76,2.1,2.02,23,-0.75,1.88,1.84,2.08,2.02
E1,27/09/11,Bristol City,Reading,2,3,A,1,0,H,C Pawson,13,9,10,6,9,10,6,3,3,3,0,0,2.88,3.3,2.4,2.85,3.1,2.45,2.75,3.25,2.4,2.45,3.1,2.45,2.75,3.3,2.5,2.75,3.3,2.45,2.9,3.25,2.4,2.75,3.1,2.6,3,3.4,2.4,2.75,3.3,2.4,46,3.1,2.88,3.44,3.22,2.6,2.43,42,2.17,2.07,1.8,1.72,21,0.25,1.84,1.81,2.1,2.06
E1,27/09/11,Burnley,Nott'm Forest,5,1,H,4,0,H,E Ilderton,17,15,12,8,6,5,3,4,0,1,0,0,2.3,3.3,3.1,2.35,3.2,2.9,2.3,3.25,2.9,2.4,3.1,2.5,2.4,3.25,3,2.3,3.4,2.9,2.4,3.2,3,2.4,3.25,3,2.38,3.5,3.1,2.38,3.3,2.75,46,2.4,2.34,3.57,3.28,3.2,2.95,45,1.9,1.83,2.02,1.93,22,0,1.82,1.72,2.22,2.11
E1,27/09/11,Coventry,Blackpool,2,2,D,0,1,A,A Woolmer,17,12,6,5,12,7,7,5,0,1,0,0,2.88,3.3,2.4,2.75,3.3,2.4,2.6,3.25,2.5,2.5,3.1,2.4,2.75,3.4,2.5,2.75,3.3,2.45,2.8,3.1,2.6,2.88,3.25,2.5,3,3.3,2.5,2.6,3.3,2.5,46,3.1,2.81,3.4,3.24,2.6,2.47,43,2.15,2.04,1.82,1.74,25,0,2.14,2.05,1.83,1.78
E1,27/09/11,Derby,Barnsley,1,1,D,0,1,A,N Miller,26,14,14,8,6,8,13,3,1,1,0,0,2,3.4,3.75,1.91,3.3,3.9,1.9,3.4,3.75,1.9,3.2,3.4,1.91,3.5,4,1.95,3.4,3.75,1.95,3.3,4,1.83,3.6,4.2,2,3.5,4,1.83,3.4,4,45,2.04,1.94,3.6,3.37,4.2,3.86,42,2.14,2.04,1.8,1.74,26,-0.5,2.05,1.99,1.89,1.85
E1,27/09/11,Doncaster,Hull,1,1,D,0,1,A,S Rushton,5,6,4,3,17,11,0,5,0,1,0,0,2.75,3.3,2.5,2.8,3.1,2.5,2.6,3.25,2.5,2.5,3.1,2.4,2.75,3.4,2.5,2.7,3.1,2.62,2.7,3.25,2.6,2.75,3.25,2.5,2.75,3.25,2.6,2.6,3.3,2.5,46,2.86,2.72,3.4,3.19,2.68,2.56,40,2.29,2.16,1.73,1.65,25,0,2.02,1.95,1.93,1.87
E1,27/09/11,Portsmouth,Peterboro,2,3,A,1,2,A,P Miller,10,7,6,4,7,10,3,1,1,1,0,0,2,3.5,3.6,2.05,3.25,3.5,2.05,3.25,3.4,2.1,3.1,3,2.05,3.5,3.5,2.1,3.3,3.4,2.1,3.2,3.6,2,3.3,3.6,2.1,3.6,3.6,2.1,3.3,3.25,46,2.14,2.06,3.6,3.36,3.8,3.47,45,1.84,1.78,2.09,1.99,22,-0.5,2.12,2.06,1.85,1.81
E1,27/09/11,Watford,Millwall,2,1,H,0,0,D,F Graham,13,5,7,3,4,18,12,3,0,2,0,0,2.4,3.3,2.9,2.3,3.2,3,2.4,3.25,2.75,2.4,3.1,2.5,2.4,3.4,2.9,2.45,3.25,2.8,2.4,3.2,3,2.5,3.4,2.75,2.5,3.4,3,2.38,3.4,2.7,46,2.53,2.42,3.4,3.24,3.05,2.88,44,2.14,1.98,1.85,1.79,23,0,1.8,1.75,2.15,2.07
E1,27/09/11,West Ham,Ipswich,0,1,A,0,0,D,K Stroud,10,14,7,7,11,13,9,6,1,1,0,0,1.53,4,6,1.53,3.75,6.25,1.55,3.75,5.5,1.55,3.5,4.8,1.57,4,6,1.5,4,6.5,1.5,4.2,6.5,1.57,4.2,5.5,1.53,4.4,6.5,1.53,4,5.5,46,1.57,1.52,4.4,4.01,7,6.18,32,1.64,1.55,2.5,2.32,26,-1,1.94,1.88,2.03,1.96
E1,28/09/11,Cardiff,Southampton,2,1,H,0,0,D,P Gibbs,9,13,5,6,12,9,5,5,1,1,0,0,2.8,3.25,2.5,2.65,3.3,2.5,2.6,3.25,2.5,2.4,3.1,2.5,2.7,3.3,2.62,2.62,3.25,2.6,2.75,3.3,2.5,2.6,3.3,2.6,2.75,3.5,2.6,2.5,3.25,2.62,44,2.9,2.69,3.54,3.23,2.63,2.54,31,1.75,1.67,2.2,2.1,23,0,2.04,1.96,1.91,1.85
E1,28/09/11,Middlesbrough,Leicester,0,0,D,0,0,D,A Bates,10,9,6,3,8,13,6,4,3,1,0,0,2.2,3.3,3.25,2.25,3.2,3.05,2.25,3.25,3,2.2,3.1,2.8,2.3,3.3,3.1,2.3,3.3,3,2.3,3.3,3.1,2.2,3.4,3.1,2.3,3.4,3.3,2.25,3.25,3,44,2.32,2.24,3.44,3.24,3.4,3.14,43,1.91,1.81,2.03,1.95,21,-0.25,1.99,1.95,1.96,1.91
E1,01/10/11,Barnsley,Coventry,2,0,H,1,0,H,G Eltringham,10,7,6,2,9,7,3,8,1,1,0,0,2.25,3.2,3.2,2.15,3.2,3.3,2.2,3.25,3.1,2.2,3.1,2.8,2.2,3.3,3.25,2.25,3.25,3.1,2.25,3.3,3.2,2.2,3.2,3.3,2.3,3.4,3.3,2.25,3.3,3.1,42,2.35,2.23,3.43,3.24,3.3,3.15,41,2.12,2,1.85,1.77,21,-0.25,2.02,1.97,1.93,1.89
E1,01/10/11,Blackpool,Bristol City,5,0,H,1,0,H,D Webb,14,9,7,6,5,9,3,7,1,2,0,0,1.8,3.5,4.5,1.7,3.4,5,1.7,3.5,4.75,1.7,3.3,4,1.73,3.6,5,1.85,3.4,4.2,1.75,3.6,4.75,1.8,3.4,4.5,1.8,3.75,4.75,1.8,3.5,4.33,42,1.85,1.75,3.78,3.49,5,4.6,41,1.91,1.83,2.06,1.92,21,-0.75,2.11,2.02,1.89,1.83
E1,01/10/11,Crystal Palace,West Ham,2,2,D,1,1,D,K Wright,7,15,2,4,14,12,0,7,1,1,0,0,3.4,3.4,2.1,3.75,3.45,1.9,3.6,3.25,2,3,3.1,2.1,3.6,3.3,2.1,3.75,3.3,2,3.75,3.4,2,3.4,3.3,2.1,3.6,3.5,2.15,3.4,3.25,2.15,42,3.8,3.51,3.5,3.33,2.17,2.05,41,2.04,1.94,1.91,1.82,19,0.25,2.14,2.04,1.88,1.81
E1,01/10/11,Hull,Cardiff,2,1,H,1,0,H,C Webster,14,10,6,6,9,6,5,7,3,0,0,0,2.5,3.2,2.88,2.45,3.2,2.75,2.45,3.2,2.75,2.4,3.1,2.5,2.4,3.3,2.9,2.5,3.25,2.75,2.5,3.2,2.88,2.38,3.4,2.9,2.5,3.4,3,2.38,3.3,2.9,42,2.54,2.45,3.4,3.21,3.1,2.83,32,2.25,2.13,1.72,1.66,22,0,1.84,1.78,2.12,2.05
E1,01/10/11,Ipswich,Brighton,3,1,H,0,0,D,D Deadman,18,9,11,6,13,9,5,3,2,1,0,0,2.38,3.4,2.88,2.4,3.2,2.85,2.4,3.2,2.75,2.4,3.1,2.5,2.38,3.4,2.88,2.45,3.3,2.75,2.4,3.6,2.7,2.38,3.4,2.88,2.4,3.75,2.88,2.38,3.3,2.9,41,2.5,2.39,3.75,3.33,3,2.82,38,1.81,1.72,2.16,2.07,20,0,1.83,1.76,2.18,2.07
E1,01/10/11,Leeds,Portsmouth,1,0,H,1,0,H,N Miller,11,8,8,4,8,8,10,7,0,2,0,0,1.85,3.5,4.2,1.85,3.4,4,1.85,3.4,4,1.8,3.2,3.7,1.83,3.5,4.33,1.85,3.6,4,1.83,3.8,4,1.83,3.6,4,1.91,3.8,4,1.8,3.6,4.33,42,1.95,1.87,3.85,3.47,4.4,3.97,32,1.69,1.61,2.35,2.19,23,-0.5,1.96,1.91,2.02,1.94
E1,01/10/11,Leicester,Derby,4,0,H,2,0,H,H Webb,20,11,13,4,12,11,4,6,1,2,0,0,1.67,3.75,5,1.62,3.5,5.5,1.7,3.5,4.75,1.65,3.3,4.4,1.73,3.5,5,1.7,3.5,5,1.7,3.8,4.8,1.73,3.5,5,1.7,4,5.4,1.73,3.5,5,40,1.73,1.67,4.05,3.59,6,5.1,38,1.95,1.81,2.04,1.95,20,-0.75,1.86,1.83,2.07,2.03
E1,01/10/11,Millwall,Burnley,0,1,A,0,1,A,S Hooper,10,6,6,2,11,8,9,4,2,3,0,0,2.1,3.4,3.4,2,3.3,3.6,2,3.3,3.5,2,3.1,3.2,2.1,3.3,3.5,2.2,3.25,3.2,2.15,3.3,3.4,2.1,3.4,3.4,2.2,3.5,3.5,2.2,3.3,3.25,42,2.2,2.11,3.54,3.29,3.7,3.37,41,2.05,1.95,1.92,1.81,21,-0.25,1.91,1.86,2.04,2
E1,01/10/11,Peterboro,Doncaster,1,2,A,1,0,H,D Drysdale,17,8,5,5,10,15,8,4,1,3,0,0,1.73,3.75,4.5,1.7,3.5,4.75,1.7,3.6,4.5,1.7,3.3,4,1.73,3.75,4.5,1.75,3.5,4.6,1.75,4,4.2,1.75,3.5,4.75,1.75,4,4.75,1.75,3.5,4.75,42,1.75,1.72,4.06,3.59,5.05,4.62,31,1.65,1.6,2.41,2.23,21,-0.75,1.97,1.93,1.98,1.92
E1,01/10/11,Reading,Middlesbrough,0,0,D,0,0,D,A Taylor,5,11,1,6,12,6,8,9,0,1,0,0,2.38,3.25,3,2.4,3.2,2.85,2.4,3.25,2.75,2.4,3.1,2.5,2.5,3.3,2.8,2.45,3.25,2.8,2.45,3.3,2.88,2.5,3.3,2.75,2.4,3.4,3,2.4,3.3,2.88,41,2.5,2.4,3.52,3.29,3,2.84,40,2,1.89,2.02,1.87,20,0,1.81,1.76,2.16,2.06
E1,01/10/11,Southampton,Watford,4,0,H,1,0,H,C Boyeson,14,9,5,3,7,8,6,3,1,1,0,0,1.57,4,5.5,1.5,3.8,6.5,1.55,3.75,5.75,1.5,3.7,5,1.53,4,6,1.57,3.8,5.75,1.53,4,6,1.53,4.2,5.75,1.57,4.33,6.5,1.53,4,6,42,1.58,1.54,4.4,3.91,6.5,5.88,30,1.69,1.59,2.38,2.25,22,-1,2.04,1.97,1.98,1.88
E1,02/10/11,Nott'm Forest,Birmingham,1,3,A,1,0,H,M Haywood,12,6,6,3,12,7,7,6,1,1,0,0,2.1,3.25,3.5,2.05,3.5,3.6,2.05,3.4,3.25,2,3.1,3.2,2.2,3.3,3.3,2.15,3.3,3.3,2.05,3.6,3.4,2.05,3.4,3.6,2.15,3.5,3.5,2.15,3.3,3.4,41,2.2,2.08,3.6,3.3,3.8,3.43,38,1.85,1.77,2.15,2,18,-0.5,2.15,2.1,1.82,1.77
E1,14/10/11,Doncaster,Leeds,0,3,A,0,1,A,K Friend,6,9,3,5,11,4,4,3,2,0,0,0,2.88,3.4,2.38,2.95,3.25,2.3,2.9,3.3,2.25,2.8,3.1,2.2,3,3.4,2.3,2.9,3.4,2.3,2.9,3.5,2.3,3,3.3,2.3,3,3.6,2.4,2.9,3.3,2.4,48,3,2.92,3.6,3.33,2.45,2.33,42,1.85,1.77,2.1,2,23,0.25,1.88,1.84,2.09,2.02
E1,15/10/11,Brighton,Hull,0,0,D,0,0,D,J Linington,9,15,4,9,16,12,6,8,1,2,0,0,2.1,3.4,3.4,2.1,3.2,3.4,2.1,3.3,3.25,2.1,3.1,3,2.1,3.4,3.4,2.15,3.3,3.3,2.2,3.3,3.3,2.1,3.25,3.4,2.15,3.6,3.5,2.1,3.3,3.4,46,2.2,2.12,3.63,3.3,3.51,3.34,43,2.08,1.98,1.87,1.78,22,-0.25,1.88,1.83,2.1,2.03
E1,15/10/11,Bristol City,Peterboro,1,2,A,0,0,D,D Coote,21,10,11,6,11,15,14,3,2,3,0,0,2.5,3.5,2.63,2.5,3.2,2.55,2.5,3.3,2.6,2.4,3.1,2.5,2.5,3.4,2.7,2.45,3.4,2.7,2.5,3.6,2.62,2.6,3.3,2.6,2.62,3.5,2.75,2.4,3.3,2.8,46,2.66,2.51,3.6,3.32,2.9,2.65,33,1.7,1.63,2.33,2.16,24,0,1.95,1.86,2.03,1.95
E1,15/10/11,Burnley,Reading,0,1,A,0,0,D,P Gibbs,15,13,7,7,9,13,3,7,2,1,0,0,2.38,3.4,2.88,2.4,3.2,2.85,2.4,3.2,2.8,2.3,3.1,2.6,2.38,3.4,2.88,2.4,3.3,2.85,2.38,3.4,2.9,2.3,3.25,3,2.4,3.5,2.88,2.3,3.3,3,46,2.5,2.38,3.53,3.29,3.08,2.85,43,2,1.91,1.99,1.85,20,-0.25,2.11,2.07,1.85,1.8
E1,15/10/11,Cardiff,Ipswich,2,2,D,1,1,D,D Whitestone,12,17,8,8,12,4,10,5,2,2,0,0,2,3.5,3.6,1.95,3.3,3.75,1.9,3.4,3.75,1.9,3.2,3.4,2.05,3.4,3.5,2,3.4,3.6,1.95,3.6,3.75,1.91,3.4,3.9,2.1,3.6,3.75,2.05,3.4,3.5,46,2.1,1.99,3.61,3.38,4,3.65,43,1.87,1.8,2.08,1.97,24,-0.5,2.1,2.03,1.87,1.82
E1,15/10/11,Coventry,Nott'm Forest,1,0,H,0,0,D,F Graham,11,9,5,5,5,11,7,6,0,1,0,0,2.8,3.25,2.5,2.7,3.2,2.5,2.7,3.3,2.4,2.5,3.1,2.4,2.62,3.3,2.62,2.7,3.25,2.55,2.88,3.2,2.5,2.75,3.25,2.5,3,3.4,2.5,3,3.3,2.3,46,3,2.78,3.4,3.22,2.62,2.48,40,2.2,2.08,1.78,1.7,23,0,2.16,2.07,1.84,1.76
E1,15/10/11,Derby,Southampton,1,1,D,1,0,H,M Brown,11,15,7,9,10,11,6,5,1,4,0,0,3.4,3.4,2.1,3.6,3.3,2,3.4,3.4,2,3.2,3.1,2,3.2,3.4,2.2,3.3,3.4,2.1,3.4,3.6,2.05,3.3,3.4,2.1,3.4,3.6,2.1,3.2,3.3,2.15,46,3.8,3.44,3.6,3.36,2.2,2.05,40,1.78,1.69,2.2,2.1,20,0.25,2.12,2.07,1.83,1.79
E1,15/10/11,Middlesbrough,Millwall,1,1,D,1,0,H,R Madley,10,8,5,4,10,10,8,4,1,2,0,0,1.83,3.4,4.5,1.91,3.25,4,1.73,3.5,4.5,1.75,3.3,3.8,1.8,3.5,4.5,1.85,3.4,4.2,1.91,3.5,4,1.8,3.4,4.5,1.85,3.5,4.6,1.75,3.4,4.75,46,1.93,1.82,3.6,3.41,5,4.31,42,2.15,1.99,1.84,1.78,24,-0.5,1.93,1.87,2.04,1.97
E1,15/10/11,Portsmouth,Barnsley,2,0,H,0,0,D,S Hooper,16,10,6,6,9,8,6,4,0,2,0,0,1.91,3.4,4,1.95,3.25,3.8,1.9,3.4,3.75,1.9,3.2,3.4,2,3.3,3.75,1.95,3.4,3.75,2,3.4,3.8,2,3.25,3.75,2,3.4,4.2,2,3.3,3.75,46,2,1.94,3.45,3.32,4.3,3.86,35,2.2,2.11,1.76,1.66,24,-0.5,1.99,1.94,1.96,1.9
E1,15/10/11,Watford,Crystal Palace,0,2,A,0,0,D,M Halsey,8,9,4,3,12,12,3,3,2,0,0,0,2.2,3.4,3.2,2.15,3.2,3.3,2.1,3.3,3.25,2.1,3.1,3,2.25,3.3,3.2,2.15,3.3,3.3,2.2,3.3,3.3,2.25,3.3,3.1,2.2,3.5,3.4,2.25,3.3,3.1,46,2.25,2.18,3.52,3.29,3.6,3.22,43,2.06,1.96,1.9,1.8,22,-0.25,1.95,1.9,2,1.95
E1,15/10/11,West Ham,Blackpool,4,0,H,1,0,H,A D'Urso,15,9,10,3,13,4,3,5,2,1,0,0,1.8,3.6,4.33,1.75,3.45,4.5,1.73,3.5,4.5,1.7,3.3,4,1.8,3.6,4.33,1.8,3.4,4,1.75,3.75,4.5,1.75,3.6,4.5,1.8,3.8,4.6,1.83,3.5,4.2,46,1.83,1.77,3.91,3.56,4.9,4.39,41,1.85,1.77,2.11,2,20,-0.75,2.11,2.04,1.88,1.82
E1,16/10/11,Birmingham,Leicester,2,0,H,0,0,D,K Wright,10,5,7,2,11,9,2,5,1,0,0,1,2.6,3.25,2.7,2.65,3.3,2.7,2.5,3.3,2.6,2.45,3.1,2.45,2.6,3.4,2.6,2.5,3.3,2.7,2.62,3.25,2.7,2.63,3.2,2.63,2.62,3.4,2.75,2.6,3.25,2.7,46,2.7,2.58,3.42,3.24,2.83,2.64,41,2.1,2.01,1.85,1.76,23,0,1.95,1.88,2.02,1.93
E1,18/10/11,Barnsley,Burnley,2,0,H,1,0,H,L Mason,11,13,8,7,10,10,3,2,1,0,0,0,2.75,3.3,2.5,2.6,3.25,2.55,2.6,3.25,2.5,2.45,3.1,2.45,2.62,3.3,2.6,2.625,3.2,2.625,2.75,3.1,2.62,2.5,3.3,2.63,2.88,3.4,2.62,2.6,3.25,2.6,47,2.9,2.66,3.4,3.24,2.7,2.58,41,2.23,2.11,1.78,1.69,26,0,2.07,1.97,1.93,1.85
E1,18/10/11,Blackpool,Doncaster,2,1,H,0,1,A,G Eltringham,16,12,10,6,12,7,4,4,0,0,0,0,1.67,3.75,5,1.65,3.5,5.25,1.7,3.6,4.5,1.7,3.3,4,1.73,3.75,4.5,1.7,3.75,4.75,1.73,3.5,5,1.7,3.8,4.5,1.7,3.8,5.4,1.73,3.4,4.75,47,1.75,1.69,3.9,3.64,5.48,4.84,44,1.91,1.82,2.04,1.94,24,-0.75,1.94,1.89,2.02,1.96
E1,18/10/11,Crystal Palace,Bristol City,1,0,H,0,0,D,I Williamson,7,8,2,5,16,14,4,5,0,2,0,0,1.91,3.4,4,1.8,3.5,4.2,1.85,3.3,4,1.9,3.2,3.4,1.83,3.5,4.33,1.9,3.4,4,1.91,3.5,4,1.83,3.6,4,1.91,3.6,4.2,1.83,3.4,4.2,47,1.94,1.88,3.69,3.44,4.39,4.03,44,1.96,1.88,1.96,1.87,26,-0.5,1.94,1.9,1.99,1.94
E1,18/10/11,Ipswich,Portsmouth,1,0,H,0,0,D,G Ward,7,16,5,9,15,11,5,9,1,0,0,0,1.91,3.5,4,1.9,3.25,4,1.9,3.4,3.75,1.9,3.2,3.4,1.8,3.5,4.5,1.9,3.4,4,1.91,3.4,4,1.83,3.5,4.5,1.91,3.6,4.2,1.8,3.4,4.33,47,1.96,1.9,3.63,3.39,4.5,4.02,45,1.99,1.88,1.95,1.87,26,-0.5,1.96,1.91,2,1.93
E1,18/10/11,Leeds,Coventry,1,1,D,1,0,H,A Haines,10,9,6,4,10,13,5,1,1,1,0,0,1.62,3.8,5.5,1.65,3.6,5,1.62,3.6,5,1.6,3.4,4.6,1.62,3.75,5.5,1.65,3.8,5,1.67,3.75,5,1.62,3.9,5,1.62,4,5.5,1.62,3.6,5.5,47,1.67,1.63,4.28,3.8,5.65,5.12,41,1.8,1.69,2.25,2.11,24,-0.75,1.9,1.83,2.1,2.03
E1,18/10/11,Millwall,Brighton,1,1,D,0,0,D,N Swarbrick,9,8,3,3,14,16,7,7,2,2,0,0,2.2,3.3,3.25,2.25,3.2,3.1,2.2,3.2,3.1,2.3,3,2.7,2.3,3.4,3,2.2,3.3,3.2,2.3,3.2,3.1,2.25,3.5,2.9,2.25,3.4,3.4,2.25,3.3,3,47,2.3,2.23,3.5,3.3,3.5,3.13,42,2.25,2.08,1.76,1.71,22,-0.25,1.94,1.9,2.02,1.96
E1,18/10/11,Nott'm Forest,Middlesbrough,2,0,H,1,0,H,K Wright,8,2,4,1,19,13,5,3,1,2,0,0,2.63,3.3,2.63,2.7,3.2,2.55,2.5,3.25,2.6,2.6,3,2.4,2.7,3.4,2.5,2.6,3.2,2.7,2.7,3.1,2.7,2.63,3.4,2.5,2.62,3.4,2.75,2.62,3.3,2.5,47,2.7,2.62,3.5,3.26,2.77,2.61,43,2.14,2.01,1.83,1.76,26,0,1.94,1.89,2.01,1.93
E1,18/10/11,Peterboro,Cardiff,4,3,H,2,1,H,N Miller,12,17,8,10,8,9,7,10,1,2,0,0,2.4,3.5,2.8,2.4,3.25,2.8,2.4,3.3,2.7,2.3,3.1,2.6,2.4,3.4,2.8,2.4,3.4,2.75,2.4,3.4,2.8,2.4,3.6,2.6,2.5,3.6,2.88,2.4,3.3,2.75,47,2.54,2.43,3.61,3.35,3,2.76,40,1.73,1.65,2.32,2.17,23,0,1.86,1.79,2.08,2.03
E1,18/10/11,Reading,Derby,2,2,D,0,0,D,R East,10,4,6,1,12,10,9,4,1,2,0,0,1.73,3.5,5,1.75,3.45,4.5,1.75,3.5,4.25,1.8,3.2,3.7,1.8,3.5,4.5,1.75,3.6,4.5,1.73,3.6,4.8,1.75,3.75,4.2,1.73,3.8,5.4,1.8,3.4,4.33,47,1.8,1.75,3.84,3.55,5.3,4.61,45,2,1.89,1.95,1.87,22,-0.75,1.98,1.91,1.99,1.94
E1,18/10/11,Southampton,West Ham,1,0,H,1,0,H,D Deadman,18,10,9,4,10,9,6,8,3,3,0,0,2.1,3.4,3.4,2.15,3.3,3.2,2.2,3.3,3,2.1,3.1,3,2.2,3.4,3.2,2.2,3.4,3.1,2.25,3.2,3.2,2.25,3.5,2.9,2.25,3.5,3.3,2.25,3.3,3,47,2.28,2.2,3.58,3.33,3.4,3.16,41,1.76,1.69,2.23,2.11,24,-0.25,1.98,1.92,2,1.93
E1,19/10/11,Leicester,Watford,2,0,H,2,0,H,C Sarginson,9,9,5,6,6,9,6,5,1,1,0,0,1.57,3.8,6,1.6,3.5,5.75,1.62,3.6,5,1.6,3.4,4.6,1.62,3.75,5.5,1.571,3.7,6,1.62,3.75,5.5,1.53,4,5.75,1.62,4,6,1.57,3.6,6,45,1.65,1.59,4.09,3.77,6.37,5.59,41,1.91,1.83,2.03,1.93,22,-1,2.1,2.04,1.86,1.81
E1,22/10/11,Blackpool,Nott'm Forest,1,2,A,1,1,D,J Waugh,10,10,5,7,5,13,6,7,0,3,0,1,2,3.4,3.75,1.95,3.4,3.65,2,3.3,3.5,2,3.1,3.2,2.05,3.4,3.5,2,3.4,3.6,2,3.2,3.2,2,3.3,3.6,2.1,3.5,3.75,1.91,3.4,3.75,46,2.1,2.01,3.6,3.35,3.8,3.56,44,1.91,1.83,2.02,1.92,25,-0.5,2.1,2.03,1.92,1.82
E1,22/10/11,Cardiff,Barnsley,5,3,H,3,1,H,S Mathieson,17,8,13,6,5,10,10,3,1,2,0,0,1.67,3.5,5.5,1.7,3.4,5,1.67,3.5,5,1.65,3.3,4.4,1.67,3.5,5.5,1.65,3.5,5.5,1.62,3.5,4.5,1.67,3.6,5,1.73,3.8,5.4,1.73,3.4,4.75,46,1.75,1.69,3.84,3.55,5.5,4.97,43,2.01,1.91,1.96,1.85,22,-0.75,1.96,1.92,1.98,1.93
E1,22/10/11,Coventry,Burnley,1,2,A,0,0,D,G Scott,12,20,5,13,11,17,4,7,3,5,1,0,2.63,3.3,2.63,2.65,3.2,2.55,2.6,3.2,2.6,2.5,3.1,2.45,2.62,3.3,2.62,2.6,3.3,2.6,2.4,3.1,2.6,2.63,3.2,2.63,2.75,3.3,2.75,2.38,3.25,2.8,46,2.83,2.61,3.4,3.23,2.8,2.6,40,2.16,2.06,1.83,1.72,25,0,2.02,1.94,1.92,1.87
E1,22/10/11,Hull,Watford,3,2,H,0,1,A,G Sutton,10,7,5,4,14,15,8,3,3,3,0,0,1.8,3.5,4.5,1.75,3.25,5,1.75,3.4,4.5,1.75,3.3,3.9,1.73,3.5,5,1.8,3.4,4.5,1.8,3.3,3.75,1.75,3.5,4.5,1.8,3.75,5,1.73,3.4,4.75,46,1.83,1.76,3.75,3.43,5,4.62,41,2.21,2.08,1.76,1.7,21,-0.5,1.81,1.75,2.2,2.11
E1,22/10/11,Ipswich,Crystal Palace,0,1,A,0,0,D,D Phillips,7,14,4,9,12,9,4,7,2,1,1,0,2,3.5,3.6,1.95,3.3,3.75,1.95,3.4,3.6,1.9,3.2,3.4,1.91,3.4,4,1.95,3.4,3.75,1.83,3.2,3.75,1.91,3.4,3.9,1.95,3.75,4,1.8,3.5,4,46,2.01,1.93,3.76,3.41,4,3.76,41,1.9,1.79,2.1,1.97,25,-0.5,2.01,1.97,1.96,1.88
E1,22/10/11,Leicester,Millwall,0,3,A,0,2,A,E Ilderton,12,7,4,5,9,4,10,3,2,1,0,0,1.73,3.5,5,1.65,3.5,5.25,1.67,3.5,5,1.7,3.3,4,1.67,3.75,5,1.666,3.7,5,1.62,3.5,4.5,1.67,3.6,5,1.73,3.8,5.4,1.62,3.6,5,46,1.73,1.67,4,3.61,6,4.97,44,1.95,1.85,1.99,1.9,23,-0.75,1.91,1.88,2.03,1.97
E1,22/10/11,Middlesbrough,Derby,2,0,H,1,0,H,C Boyeson,21,12,14,5,11,15,9,8,2,1,0,0,1.73,3.5,5,1.75,3.3,4.4,1.75,3.4,4.5,1.7,3.3,4,1.73,3.6,4.5,1.7,3.6,4.8,1.73,3.4,4,1.8,3.5,4.33,1.73,3.75,5.4,1.75,3.4,4.5,46,1.8,1.72,3.9,3.5,5.41,4.75,44,2.07,1.94,1.91,1.81,20,-0.75,1.98,1.93,1.99,1.93
E1,22/10/11,Peterboro,Leeds,2,3,A,1,1,D,K Stroud,6,13,4,7,14,8,6,4,2,2,1,0,2.4,3.3,2.88,2.5,3.4,2.8,2.4,3.3,2.7,2.2,3.1,2.8,2.5,3.4,2.7,2.4,3.4,2.75,2.15,3.5,2.7,2.5,3.25,2.75,2.4,3.75,2.88,2.3,3.4,2.8,46,2.5,2.4,3.84,3.37,2.9,2.76,32,1.53,1.48,2.84,2.48,21,0,1.84,1.75,2.16,2.06
E1,22/10/11,Portsmouth,Doncaster,3,1,H,1,1,D,F Graham,10,3,4,2,7,4,4,7,1,2,0,0,1.83,3.5,4.33,1.8,3.3,4.5,1.8,3.4,4.25,1.8,3.2,3.7,1.83,3.5,4.33,1.8,3.5,4.333,1.83,3.2,3.75,1.83,3.4,4.33,1.83,3.6,4.75,1.83,3.5,4,46,1.85,1.81,3.67,3.41,4.85,4.3,41,2.17,2.03,1.8,1.74,23,-0.5,1.85,1.8,2.12,2.05
E1,22/10/11,Reading,Southampton,1,1,D,0,0,D,J Moss,12,6,10,5,11,13,14,5,2,3,0,1,2.75,3.3,2.5,2.75,3.3,2.6,2.6,3.3,2.5,2.45,3.1,2.45,2.88,3.4,2.38,2.65,3.3,2.55,2.75,3.2,2.25,2.8,3.3,2.4,2.75,3.5,2.6,2.6,3.3,2.5,45,2.88,2.69,3.54,3.26,2.7,2.51,40,1.83,1.74,2.16,2.03,25,0,2.03,1.95,1.91,1.86
E1,23/10/11,Bristol City,Birmingham,0,2,A,0,1,A,R East,8,10,1,7,9,8,4,11,3,3,0,0,2.88,3.3,2.4,2.75,3.2,2.45,2.7,3.3,2.4,2.6,3.1,2.3,2.75,3.3,2.5,2.75,3.25,2.5,2.62,3.2,2.3,2.75,3.25,2.5,2.88,3.5,2.5,3,3.25,2.25,45,3,2.79,3.55,3.24,2.56,2.44,44,1.97,1.84,2.05,1.91,21,0,2.1,2.04,1.85,1.78
E1,24/10/11,Brighton,West Ham,0,1,A,0,1,A,K Friend,12,7,4,3,12,11,11,2,4,1,0,0,2.88,3.3,2.4,2.85,3.2,2.4,2.7,3.3,2.4,2.6,3.1,2.3,2.8,3.5,2.38,2.85,3.3,2.4,2.62,3.2,2.3,2.75,3.25,2.5,3.1,3.5,2.4,2.75,3.3,2.4,45,3.11,2.85,3.52,3.28,2.5,2.38,41,1.91,1.8,2.04,1.96,20,0.25,1.85,1.81,2.16,2.06
E1,26/10/11,Birmingham,Leeds,1,0,H,1,0,H,C Foy,8,11,4,6,5,12,5,11,2,0,0,0,2.25,3.4,3.1,2.3,3.4,3.1,2.3,3.25,3,2.3,3.1,2.6,2.3,3.4,3,2.3,3.3,3,2.38,3.2,3,2.3,3.1,3.1,2.3,3.5,3.2,2.25,3.4,2.88,45,2.38,2.28,3.55,3.3,3.23,3,37,1.85,1.76,2.11,2,21,0,1.7,1.66,2.34,2.2
E1,29/10/11,Barnsley,Bristol City,1,2,A,0,1,A,P Tierney,11,11,4,6,6,5,10,7,2,0,0,0,2.2,3.4,3.2,2.1,3.3,3.3,2.05,3.3,3.4,2,3.2,3.1,2.1,3.4,3.4,2.1,3.3,3.4,2.2,3.3,3.3,2.05,3.3,3.6,2.15,3.5,3.5,2.05,3.3,3.5,45,2.2,2.08,3.5,3.31,3.75,3.42,42,1.99,1.89,1.96,1.87,20,-0.5,2.2,2.12,1.79,1.75
E1,29/10/11,Birmingham,Brighton,0,0,D,0,0,D,S Mathieson,11,6,0,3,16,13,2,6,1,2,0,0,2,3.5,3.6,2.05,3.3,3.4,2.1,3.3,3.2,2.1,3.1,3,2.1,3.4,3.4,2.1,3.4,3.3,2,3.3,3.8,2.1,3.3,3.5,2.05,3.6,3.8,2.1,3.25,3.4,46,2.15,2.06,3.62,3.33,3.86,3.45,42,2.04,1.91,1.95,1.84,21,-0.25,1.89,1.79,2.17,2.08
E1,29/10/11,Burnley,Blackpool,3,1,H,2,0,H,M Oliver,12,7,5,6,8,11,5,6,0,2,0,0,2.25,3.4,3.1,2.3,3.25,2.95,2.3,3.25,2.9,2.3,3.1,2.65,2.38,3.3,2.9,2.35,3.3,2.9,2.38,3.2,3,2.2,3.3,3.2,2.25,3.5,3.25,2.3,3.25,3,46,2.38,2.27,3.63,3.3,3.25,3.02,42,1.85,1.79,2.06,1.97,23,-0.25,2,1.93,1.97,1.92
E1,29/10/11,Crystal Palace,Reading,0,0,D,0,0,D,A Woolmer,11,11,9,7,13,9,7,5,1,4,0,0,2.63,3.3,2.63,2.6,3.1,2.65,2.6,3.25,2.5,2.45,3.1,2.45,2.5,3.3,2.75,2.6,3.3,2.6,2.75,2.9,2.8,2.5,3.3,2.75,2.62,3.4,2.75,2.4,3.3,2.8,46,2.75,2.59,3.43,3.23,2.8,2.64,41,2.1,2.01,1.83,1.76,25,0,1.96,1.9,1.99,1.91
E1,29/10/11,Derby,Portsmouth,3,1,H,3,0,H,C Pawson,16,9,13,3,12,12,7,7,1,2,0,0,2.6,3,2.88,2.35,3.3,2.85,2.35,3.2,2.9,2.4,3.1,2.5,2.25,3.4,3.1,2.4,3.3,2.85,2.6,3.1,2.8,2.38,3.25,3,2.6,3.3,3,2.3,3.3,3,46,2.62,2.42,3.4,3.23,3.1,2.86,41,2.1,1.99,1.84,1.78,23,0,1.88,1.8,2.2,2.02
E1,29/10/11,Doncaster,Coventry,1,1,D,0,1,A,C Webster,11,5,7,4,10,10,9,4,2,1,0,0,2.3,3.25,3.1,2.35,3.1,3,2.35,3.2,2.9,2.3,3.1,2.65,2.38,3.25,3,2.375,3.3,2.875,2.4,3.2,3,2.3,3.25,3.1,2.38,3.3,3.25,2.3,3.25,3,46,2.4,2.34,3.4,3.22,3.31,2.96,37,2.24,2.11,1.75,1.68,23,-0.25,2.04,2,1.9,1.85
E1,29/10/11,Millwall,Ipswich,4,1,H,2,0,H,G Salisbury,10,10,6,3,11,9,5,5,0,0,0,0,2.1,3.4,3.4,2.2,3.2,3.2,2.1,3.3,3.2,2.1,3.1,3,2.25,3.4,3.1,2.2,3.3,3.2,2.25,3.2,3.3,2.2,3.25,3.3,2.2,3.5,3.5,2.2,3.3,3.1,46,2.25,2.17,3.5,3.27,3.52,3.24,41,2.08,1.98,1.84,1.78,23,-0.25,1.94,1.88,2.04,1.97
E1,29/10/11,Nott'm Forest,Hull,0,1,A,0,0,D,K Stroud,11,5,3,4,9,18,7,2,1,4,0,0,2.3,3.1,3.2,2.3,3.1,3.1,2.3,3.2,2.9,2.3,3.1,2.65,2.38,3.25,3,2.3,3.3,3,2.4,3.2,3,2.25,3.2,3.25,2.38,3.3,3.25,2.3,3.3,3,46,2.4,2.28,3.4,3.22,3.25,3.08,35,2.27,2.12,1.71,1.66,21,0,1.72,1.63,2.37,2.24
E1,29/10/11,Southampton,Middlesbrough,3,0,H,2,0,H,R East,13,7,7,3,11,9,7,9,0,1,0,0,1.91,3.5,4,1.85,3.5,4,1.83,3.4,4,1.85,3.2,3.5,1.83,3.5,4.33,1.85,3.6,4,1.95,3.5,3.8,1.87,3.6,4,1.91,3.75,4,1.91,3.4,4,46,1.95,1.87,3.75,3.44,4.5,4.03,43,1.94,1.83,2,1.93,25,-0.5,1.95,1.89,2,1.95
E1,29/10/11,Watford,Peterboro,3,2,H,3,2,H,A D'Urso,14,12,6,7,13,6,6,5,1,0,0,0,2.63,3.5,2.5,2.6,3.2,2.6,2.6,3.3,2.5,2.5,3.1,2.4,2.6,3.4,2.6,2.6,3.3,2.6,2.62,3.3,2.62,2.63,3.5,2.5,2.62,3.6,2.6,2.6,3.4,2.5,46,2.65,2.58,3.68,3.34,2.7,2.57,31,1.65,1.59,2.3,2.23,24,0,2.01,1.93,1.96,1.88
E1,29/10/11,West Ham,Leicester,3,2,H,2,0,H,J Linington,15,16,10,7,17,10,4,6,4,2,0,0,1.91,3.4,4,1.91,3.5,4.2,1.85,3.4,4,1.8,3.25,3.7,1.83,3.5,4.33,1.85,3.4,4.2,1.95,3.5,3.8,1.87,3.6,4,1.95,3.6,4,1.85,3.5,4,46,1.95,1.88,3.65,3.4,4.33,4,43,1.94,1.86,1.98,1.9,25,-0.5,2.01,1.93,2,1.91
E1,30/10/11,Leeds,Cardiff,1,1,D,0,1,A,P Dowd,20,6,12,3,9,12,12,3,1,2,0,0,2.25,3.5,3,2.25,3.5,3.1,2.2,3.3,3,2.2,3.1,2.8,2.3,3.4,3,2.3,3.4,2.95,2.3,3.2,3.2,2.15,3.4,3.3,2.38,3.6,3.1,2.2,3.25,3.2,46,2.38,2.24,3.67,3.34,3.3,3.03,32,1.75,1.64,2.28,2.15,22,-0.25,2.04,1.99,1.92,1.87
E1,01/11/11,Barnsley,Hull,2,1,H,0,0,D,P Gibbs,14,17,9,8,6,8,3,6,1,0,0,0,2.88,3.2,2.5,2.75,3.1,2.55,2.6,3.25,2.5,2.5,3.1,2.4,2.7,3.4,2.5,2.8,3.25,2.45,2.8,3.2,2.5,2.75,3.2,2.5,3,3.3,2.5,2.75,3.25,2.38,46,3.05,2.82,3.4,3.2,2.63,2.48,35,2.41,2.22,1.75,1.61,27,0,2.15,2.07,1.83,1.77
E1,01/11/11,Burnley,Leicester,1,3,A,1,1,D,G Eltringham,15,11,9,8,7,10,7,4,0,0,0,0,2.5,3.3,2.8,2.4,3.2,2.85,2.4,3.25,2.75,2.4,3.1,2.5,2.5,3.4,2.7,2.5,3.25,2.75,2.5,3.2,2.8,2.5,3.25,2.75,2.62,3.4,2.75,2.5,3.25,2.6,46,2.68,2.51,3.48,3.27,2.88,2.73,43,2.05,1.92,1.96,1.84,27,0,1.93,1.86,2.02,1.97
E1,01/11/11,Crystal Palace,Portsmouth,0,0,D,0,0,D,D Drysdale,4,9,4,4,12,13,5,6,2,2,0,0,2.1,3.3,3.5,2,3.2,3.75,2,3.3,3.5,2.1,3.1,3,1.91,3.4,4,2.1,3.25,3.5,2,3.3,3.8,1.95,3.3,3.9,2.15,3.4,3.75,1.91,3.4,3.75,46,2.12,2.05,3.5,3.27,4,3.61,41,2.28,2.13,1.75,1.68,23,-0.25,1.86,1.8,2.12,2.05
E1,01/11/11,Doncaster,Middlesbrough,1,3,A,1,2,A,D Deadman,13,12,3,7,13,9,5,4,3,2,0,0,3.5,3.3,2.1,3.4,3.1,2.15,3.2,3.3,2.1,2.8,3.1,2.2,3.2,3.4,2.2,3.5,3.25,2.1,3.6,3.2,2.1,3,3.4,2.25,3.6,3.3,2.2,3.1,3.25,2.2,45,3.86,3.39,3.4,3.28,2.25,2.13,38,2.3,2.16,1.72,1.64,26,0.25,2.14,2.05,1.91,1.81
E1,01/11/11,Millwall,Coventry,3,0,H,0,0,D,D Phillips,8,9,7,1,10,11,7,3,0,0,0,0,1.67,3.6,5.25,1.7,3.4,5,1.73,3.5,4.5,1.65,3.3,4.4,1.73,3.5,5,1.666,3.5,5.5,1.73,3.5,5,1.7,3.6,4.75,1.7,3.8,5.5,1.75,3.4,4.5,46,1.75,1.68,3.86,3.6,5.87,5.05,40,2.15,2.03,1.82,1.74,25,-0.75,1.92,1.86,2.05,1.99
E1,01/11/11,Nott'm Forest,Reading,1,0,H,0,0,D,D Webb,11,3,6,1,4,12,6,3,0,2,0,0,2.38,3.25,3,2.5,3.1,3,2.4,3.25,2.75,2.3,3.1,2.65,2.4,3.3,2.9,2.4,3.25,2.875,2.5,3.2,2.8,2.4,3.2,2.8,2.4,3.3,3,2.25,3.3,2.88,46,2.5,2.41,3.46,3.26,3.11,2.86,42,2.09,2,1.85,1.78,23,-0.25,2.12,2.07,1.83,1.79
E1,01/11/11,Southampton,Peterboro,2,1,H,2,0,H,G Ward,13,6,8,3,12,11,6,2,1,2,0,1,1.5,4.2,6.5,1.5,3.8,6.5,1.5,4,6,1.5,3.7,5,1.5,4,6.5,1.45,4.333,6.5,1.53,4,6,1.5,4,6.5,1.5,4.6,7,1.53,3.75,6,46,1.56,1.5,4.69,4.12,7,6.27,30,1.55,1.46,2.75,2.54,26,-1,1.89,1.8,2.12,2.05
E1,01/11/11,Watford,Brighton,1,0,H,0,0,D,O Langford,15,5,7,0,16,7,3,4,3,1,0,0,2.4,3.3,2.88,2.5,3.3,2.9,2.4,3.25,2.75,2.3,3.1,2.65,2.5,3.3,2.75,2.4,3.25,2.875,2.5,3.2,2.8,2.5,3.2,2.75,2.5,3.4,2.88,2.5,3.3,2.6,46,2.52,2.44,3.5,3.28,3,2.81,43,2.03,1.94,1.9,1.82,26,0,1.83,1.76,2.21,2.08
E1,01/11/11,West Ham,Bristol City,0,0,D,0,0,D,M Haywood,19,14,8,7,7,10,9,7,0,0,0,0,1.36,4.75,8,1.35,4.6,8.25,1.36,4.33,8,1.35,4,7,1.4,4.5,8,1.363,4.6,8.5,1.4,4.75,7.5,1.36,4.5,8,1.4,5,8.5,1.36,4.5,7,46,1.42,1.37,5.04,4.56,9.5,8.26,32,1.65,1.6,2.37,2.21,24,-1.5,2.14,2.08,1.82,1.78
E1,02/11/11,Derby,Cardiff,0,3,A,0,1,A,E Ilderton,11,12,4,7,7,5,11,6,8,6,0,0,2.75,3.3,2.5,2.8,3.5,2.45,2.6,3.3,2.5,2.5,3.1,2.4,2.6,3.3,2.62,2.75,3.25,2.5,2.8,3.25,2.5,2.75,3.25,2.5,2.88,3.5,2.5,2.5,3.25,2.6,43,3,2.73,3.51,3.28,2.63,2.48,37,1.85,1.77,2.12,1.99,22,0,2.33,2.07,1.83,1.75
E1,02/11/11,Leeds,Blackpool,0,5,A,0,3,A,R East,5,15,2,9,5,8,3,4,1,1,1,0,2,3.4,3.75,2.05,3.25,3.5,2,3.3,3.5,2,3.2,3.1,2,3.4,3.75,2,3.4,3.6,2,3.3,3.8,2,3.4,3.5,2.05,3.6,3.75,2,3.25,3.25,44,2.1,2.01,3.72,3.37,3.86,3.59,31,1.68,1.62,2.37,2.17,25,-0.5,2.06,2,1.93,1.85
E1,05/11/11,Blackpool,Millwall,1,0,H,0,0,D,A Haines,13,7,6,2,4,7,6,4,0,1,0,0,2.1,3.4,3.4,2,3.4,3.5,2.05,3.3,3.4,2.1,3.1,3,2,3.5,3.6,2.05,3.4,3.5,2.15,3.2,3.5,2.05,3.4,3.5,2.15,3.5,3.6,1.95,3.5,3.6,47,2.15,2.07,3.57,3.33,3.7,3.44,40,1.85,1.77,2.09,2,22,-0.5,2.13,2.08,1.81,1.77
E1,05/11/11,Bristol City,Burnley,3,1,H,1,0,H,G Sutton,15,11,9,7,12,7,7,5,1,2,0,0,2.63,3.2,2.7,2.75,3.25,2.45,2.6,3.3,2.5,2.45,3.1,2.45,2.62,3.3,2.6,2.7,3.25,2.55,2.7,3.1,2.7,2.75,3.3,2.5,2.75,3.4,2.75,2.62,3.3,2.6,47,2.8,2.63,3.45,3.25,2.75,2.59,42,2.03,1.92,1.91,1.84,22,0,1.95,1.89,2.01,1.92
E1,05/11/11,Cardiff,Crystal Palace,2,0,H,0,0,D,S Rushton,11,9,5,6,9,8,1,3,1,1,0,0,1.91,3.4,4,1.9,3.4,3.8,1.85,3.4,4,1.85,3.2,3.5,1.91,3.6,3.75,1.833,3.5,4.2,1.95,3.3,4,1.87,3.6,4,1.85,3.75,4.4,1.91,3.4,4,47,1.95,1.87,3.77,3.42,4.46,4.06,43,1.93,1.82,2.05,1.95,26,-0.5,1.9,1.83,2.08,2.01
E1,05/11/11,Coventry,Southampton,2,4,A,0,2,A,M Naylor,12,16,5,9,10,12,4,4,1,0,0,0,4.5,3.5,1.8,4.3,3.6,1.75,4.5,3.4,1.75,3.5,3.2,1.85,4.33,3.5,1.83,4.333,3.5,1.8,4.5,3.3,1.85,4.2,3.6,1.83,4.5,3.8,1.8,4.33,3.4,1.83,47,4.87,4.36,3.8,3.47,1.85,1.8,42,1.98,1.89,1.94,1.87,23,0.5,2.14,2.06,1.84,1.78
E1,05/11/11,Hull,West Ham,0,2,A,0,0,D,N Miller,19,6,14,2,6,5,8,3,0,2,0,0,2.8,3.25,2.5,2.75,3.3,2.4,2.6,3.25,2.5,2.5,3.1,2.4,2.75,3.3,2.5,2.75,3.25,2.5,2.7,3.1,2.7,2.75,3.3,2.5,2.88,3.3,2.62,2.8,3.3,2.4,47,2.95,2.74,3.35,3.2,2.7,2.51,39,2.22,2.05,1.85,1.73,25,0,2.09,1.99,1.88,1.82
E1,05/11/11,Ipswich,Doncaster,2,3,A,0,3,A,S Hooper,15,7,8,3,11,13,9,6,3,2,0,0,1.73,3.5,5,1.67,3.6,5,1.7,3.5,4.75,1.65,3.3,4.4,1.7,3.6,5,1.7,3.5,5,1.8,3.4,4.8,1.73,3.6,4.75,1.73,4,5,1.67,3.6,5,47,1.8,1.7,4,3.54,5.23,4.92,42,1.86,1.79,2.07,1.98,23,-0.75,1.96,1.91,2.01,1.95
E1,05/11/11,Middlesbrough,Watford,1,0,H,1,0,H,J Waugh,12,9,7,5,10,12,5,10,1,1,0,0,1.67,3.4,5,1.6,3.5,5.75,1.65,3.5,5,1.65,3.3,4.4,1.67,3.5,5.5,1.65,3.6,5.25,1.7,3.4,5.5,1.62,3.75,5.5,1.67,3.8,6,1.67,3.5,5.5,47,1.7,1.64,4,3.57,6,5.44,43,2.02,1.92,1.91,1.85,24,-0.75,1.87,1.83,2.08,2.02
E1,05/11/11,Peterboro,Derby,3,2,H,1,2,A,I Williamson,18,13,7,8,7,13,6,6,1,3,0,0,1.91,3.6,3.75,1.91,3.6,3.6,1.95,3.4,3.5,1.9,3.2,3.4,1.91,3.6,3.75,1.909,3.5,3.8,1.85,4,3.75,1.95,3.5,3.75,1.91,3.8,4,1.95,3.5,3.6,47,2,1.9,4,3.54,4.06,3.76,30,1.55,1.5,2.68,2.44,23,-0.5,1.95,1.89,2.02,1.96
E1,05/11/11,Portsmouth,Nott'm Forest,3,0,H,1,0,H,A Bates,12,12,6,5,12,13,4,9,0,2,0,0,2.3,3.25,3.1,2.25,3.3,3,2.3,3.25,2.9,2.2,3.1,2.8,2.3,3.25,3.1,2.4,3.3,2.85,2.4,3.2,3,2.3,3.4,3,2.4,3.3,3.2,2.4,3.3,2.8,47,2.47,2.34,3.4,3.23,3.22,2.97,39,2.21,2.04,1.8,1.73,24,-0.25,2.1,2.02,1.88,1.83
E1,06/11/11,Brighton,Barnsley,2,0,H,1,0,H,K Wright,13,17,7,9,5,17,6,4,0,3,0,0,1.8,3.5,4.5,1.75,3.2,5,1.8,3.4,4.25,1.8,3.2,3.7,1.83,3.5,4.33,1.8,3.4,4.5,1.8,3.5,4.5,1.8,3.6,4.33,1.8,3.6,5,1.83,3.4,4.33,47,1.87,1.79,3.75,3.42,5,4.44,39,2.14,2.03,1.81,1.75,21,-0.75,2.04,1.99,1.91,1.87
E1,06/11/11,Leicester,Leeds,0,1,A,0,0,D,O Langford,13,10,5,6,12,13,3,2,4,2,0,0,1.91,3.4,4,1.85,3.4,4,1.9,3.4,3.75,1.9,3.2,3.4,1.91,3.6,3.75,1.9,3.4,4,2,3.6,3.5,1.91,3.8,3.6,1.95,3.75,4,1.83,3.6,4,47,2.05,1.9,3.8,3.47,4.2,3.83,38,1.8,1.72,2.2,2.07,22,-0.5,1.93,1.88,2.02,1.97
E1,06/11/11,Reading,Birmingham,1,0,H,0,0,D,M Halsey,7,7,3,2,4,9,5,5,0,2,0,0,2.2,3.3,3.25,2.25,3.2,3.4,2.25,3.25,3,2.2,3.1,2.8,2.3,3.25,3.1,2.3,3.3,3,2.3,3.2,3.2,2.3,3.4,3,2.25,3.4,3.4,2.25,3.25,3.1,47,2.38,2.23,3.43,3.24,3.43,3.16,37,2.25,2.13,1.74,1.67,22,-0.25,1.92,1.87,2.03,1.99
